NO2(t-1),NO2(t)
-0.5615738217401386,-0.4914590533888712
-0.49101938003656137,0.06268812498795436
0.06305405443202401,0.8035282200636356
0.8037955611793265,-1.50574876705013
-1.505174115680261,-0.7192295693355896
-0.7187595851043594,-0.4195561326982592
-0.41912602792735243,-0.5756450957894637
-0.5751942192622066,-0.7317340588806682
-0.7312624105970607,-0.6722448115656494
-0.671781079896556,-0.6127555642506307
-0.6122997491960513,-0.13994624685008358
-0.1395533515545105,0.5307938611542515
0.5310974967749443,2.573207573716677
2.5732394122854583,-1.4502422805892021
-1.4496750158223948,-0.5336640461421207
-0.5332187563015667,-0.5295077088508863
-0.5290629721207112,-0.4208409884295036
-0.42041071267462937,-0.06734260986444329
-0.06695937639907112,0.28615576870061704
0.2864919598764871,0.6396541472656774
0.6399432961520454,-0.863855496558556
-0.863366266030453,-0.7708063578306037
-0.7703295099463469,-1.3171266944413142
-1.3165771442166958,-0.9576153378434918
-0.9571136300938092,-0.8684892242849274
-0.8679993771170478,-0.7793631107263624
-0.778885124140286,-0.19310116565731264
-0.1927011966968217,-1.0399597950685908
-1.0394471292154752,-0.8925290588160972
-0.8920360125137261,-0.2199405444770918
-0.21953700382885047,-0.05160757535092608
-0.051226435847206334,-0.4692202337360921
-0.4687835198457083,-1.1888653919203505
-1.1883329102473605,-0.01225544351672154
-0.011879540852802259,-1.0972475224389573
-1.0967272329416633,0.2563983567976549
0.2567385079825956,-0.349149517881592
-0.3487287825690984,-1.041385471421485
-1.0408726158445014,-0.8112845169190459
-0.810802282347342,-0.41426313745646803
-0.41383373705828147,0.310990727653573
0.3113236138826606,-0.44703654289182654
-0.4466027811270258,1.8501672872955017
1.8502953454583124,0.7312204082154896
0.7314973717940388,-0.38772647086452244
-0.38730060187023463,-0.33065897717380455
-0.3302407025157913,0.12366590589875344
0.12402372063962573,-0.04984219192531787
-0.04946128735245842,0.6903346185830529
0.6906170230950521,0.24679459571081824
0.24713602492965317,0.6347837318978594
0.6350735289215418,0.6500677468140864
0.6503555098961781,-0.3621827263636551
-0.36176025663877454,-0.8025086626762284
-0.8020275959635615,-0.8378629382519406
-0.8373771667197677,-0.8732172138276526
-0.8727267374759738,-0.9085714894033646
-0.90807630823218,-0.3769035381212068
-0.3764791094037809,0.20724184064701512
0.20758853340386646,0.17878881822258083
0.17913929740505463,-0.44071249998325157
-0.44027957979927657,-0.8587931067333718
-0.8583045498898518,0.33843307284064145
0.33876230714138883,2.0776632771775865
2.0777610609944155,0.46364257295470984
0.4639551448266883,0.10915919058347694
0.1095189358257121,-0.24532419178775597
-0.24491727317526416,-0.2114001367488716
-0.210997732627294,0.7590672557896856
0.7593405136101756,-0.04401161161040927
-0.043631482950153025,-1.2492829755648314
-1.2487424537376761,0.3572589228238956
0.3575856518484134,-0.16636184019889266
-0.16596542961141153,2.060921549074205
2.0610215608198397,-0.17442292947008486
-0.1740254461419119,0.07121678135180777
0.07158157583304291,-0.04068253069211493
-0.0403028450539426,-0.15258184273603762
-0.1521872659409281,0.41453426486155087
0.41485337189008553,0.6871390837984583
0.6874219135607036,0.9081888171777938
0.9084422304386275,-0.4383704511580625
-0.4379378426454997,0.8101322736988061
0.8103987359708535,-0.2800680608893864
-0.27965651868808117,0.3922255982613864
0.392547674046827,1.083047404646569
1.0832775483571235,-0.051213268586162326
-0.050832181555364966,1.0318719662136517
1.0321089201670142,1.3727518497573552
1.3729434406450305,-0.22820147579139538
-0.22779683580820373,0.8305555233524682
0.8308192677720981,0.9097690954489027
0.9100222984120027,1.238416486646776
1.2386259544001599,1.5670638778446484
1.5672296103883163,0.7053058656067207
0.7055862777991524,0.855785192900949
0.8560455798471338,0.31177266715781987
0.31210544932921797,1.435461828746541
1.4356450744163451,-0.38897639462272987
-0.38855035929309545,0.03409113094786397
0.03446086597677954,0.33008381281569593
0.33041415820585995,1.7266738806971
1.726818372917143,0.35823078716148365
0.35855738685379995,2.406210378203101
2.4062644401564683,-0.012946660332151475
-0.012570665683590929,0.3203822959642935
0.3207139323973364,-0.22458377221737458
-0.2241796136651291,1.9119661929596172
1.9120860271469093,0.8983652577305475
0.8986199782752488,1.0943153716949032
1.0945440159050355,0.07263415220117565
0.0729987580638092,1.2076958821713728
1.2079094381120217,0.09606710751191622
0.0964285950013564,1.367125889184403
1.3673182287546242,0.7806793110960316
0.7809496928621347,-0.6534353655846854
-0.6529741370088361,1.277036642388479
1.2772409707108012,1.133297297755836
1.133520754391817,0.8153737994834802
0.8156395642321772,-0.1911060967950073
-0.19070639333108633,1.2093634247484684
1.2095767587785642,0.456996404137804
0.4573098604579625,0.6690794922499073
0.6693647253174728,0.5272316891758074
0.5275357988375019,-0.08459691909259245
-0.08421138948596735,0.47163730464657877
0.47194881260849275,0.28763739915799263
0.2879733931638242,0.696681900436904
0.6969634602755225,1.4726694479993914
1.472847742213396,2.2486569955618787
2.2487320241512694,-0.0789081901787543
-0.07852341760765946,0.7349402058528491
0.7352166744141425,0.9321561688944475
0.9324063926665414,0.8650239172359756
0.8652830747260408,1.1049027453161657
1.1051299805967947,1.174016337578103
1.1742343754710978,1.0782833788863908
1.0785141565763146,-0.06542142535978299
-0.06503844755871689,1.1061134539509827
1.1063405281148722,-0.7891720855425054
-0.7886927936134316,-0.5767807089842141
-0.5763296813336479,-0.3643893324259226
-0.36396656905386426,0.044777586277841015
0.0451458991918167,0.502729177153085
0.5030365475207232,0.007097125680329584
0.007470452974125606,0.21573438608935208
0.21607994868888014,0.2187393062260144
0.21908446894160644,0.09018218393817436
0.09054445457202266,0.3116049129375544
0.3119377174330792,0.6094111706051693
0.6097043441178149,0.9072174282727837
0.9074709708025501,1.2694169104513189
1.2696222527800904,-0.7426021674353046
-0.742129072863001,-0.0922796824932499
-0.09189313049217553,2.634720533791453
2.6347441864373238,-0.7695942602645279
-0.7691175736818444,0.1852649124788975
0.18561452984610052,0.22437505957314885
0.224719472303008,-0.40191982006784566
-0.4014920622738271,-0.11913098395324485
-0.11874085867779814,-0.42265795206462414
-0.4222274345147813,-0.2725610002365331
-0.272150457047789,-1.143902474036983
-1.1433759758669684,-0.9006093466027429
-0.9001152250048107,-0.451437874012131
-0.45100352653405595,-0.002266401421518667
-0.0018918280633008677,0.007575374477805096
0.00794863812797572,0.017417150377129306
0.017789104319252753,0.20227943140004717
0.20262678453642663,0.3871417124229651
0.3874644647536005,0.23609588328938777
0.23643873625429213,0.08505005415581046
0.08541300775498371,-0.3072502158081782
-0.3068350563037153,-1.3321297387904707
-1.3315781920148113,-0.9652074291208687
-0.964704711043056,-1.3397225417520526
-1.339169984553555,-1.7142376543832367
-1.7136352580640537,-0.8148387216096131
-0.8143560140571655,-0.3455680930562728
-0.34514783434688023,-1.00827026063397
-1.0077618119098242,0.036017365764865444
0.03638684445739759,1.8651657362001055
1.8652917984234205,-0.19545800809368533
-0.19505772549310174,0.38886756019312324
0.38919008285416085,-0.8682045580446461
-0.8677147487591234,-1.035764942353449
-1.035252834736206,-1.2033253266622517
-1.2027909207132887,-1.370885710971054
-1.370329006690371,-1.5384460952798569
-1.5378670926674538,-0.2624107680916763
-0.2620015756592243,-0.27117255760779535
-0.2707621991879896,-0.26160324976070437
-0.26119416478987983,-0.2520339419136129
-0.2516261303917697,0.8108933937320655
0.8111597547170035,-1.386293613108574
-1.3857348583998355,-1.3859151506664447
-1.3853564463221233,-1.3855366882243154
-1.3849780342444111,-1.3851582257821862
-1.384599622166699,-1.9972370237752701
-1.996596966920506,-2.609315821768354
-2.6085943116743127,0.6219242853250665
0.6222157936375275,0.5728566819421695
0.5731547199943507,0.523789078559273
0.5240936463511743,0.4747214751763761
0.4750325727079975,-0.43735568387866325
-0.4369232104076707,-1.0059781096805298
-1.0054699659875674,-1.160379911445809
-1.1598512205178417,-1.3147817132110888
-1.3142324750481165,-1.4691835149763681
-1.4686137295783908,-1.6235853167416476
-1.6229949841086653,-0.7805948589546556
-0.7801167084519666,-0.9784856168713009
-0.9779811317801436,-0.9269159546061202
-0.9264183322196566,-0.4966060967723874
-0.4961657384701043,-0.2810956697209813
-0.2806839907691983,-0.06558524266957574
-0.0652022430682928,-0.21052817243467656
-0.21012588435096555,-0.5294110561414214
-0.5289663322734403,0.7102356464173541
0.7105154025723324,-1.2251615552296808
-1.2246242433941616,-1.06231908317257
-1.0618034418260212,-1.0411058695472546
-1.0405930511786803,-0.6205239165185711
-0.6200670676796846,0.41407983446577784
0.41439900196827084,-0.18149896825696699
-0.18110054327506847,0.12204720398505675
0.12240523413694268,-1.299091429056565
-1.2985442789000288,-2.1136525692583596
-2.112997020242598,-1.4234695107498037
-1.4229058088066637,-0.9330076847204066
-0.9325092516684662,-0.4425458586910092
-0.44211269453026847,-1.0709393707053694
-1.0704225822020408,-1.1799499712261698
-1.1794186759852168,-1.2889605717469708
-1.2884147697683932,-1.397971172267771
-1.3974108635515692,-1.5069817727885717
-1.5064069573347454,-1.6159923733093722
-1.6154030511179216,-1.7250029738301726
-1.7243991449010976,-1.8340135743509733
-1.8333952386842738,-1.7951851422419747
-1.7945719737230046,-1.7563567101329758
-1.7557487087617352,-1.7175282780239771
-1.7169254438004662,-1.6786998459149787
-1.678102178839197,0.08003912692289322
0.0804027473581932,1.8387780997607654
1.8389076735555838,-0.5589704420316011
-0.5585217845071371,-1.9593846100920924
-1.9587495905000452,-1.7590423505641526
-1.758433991797568,-1.1115575008334069
-1.11103530701579,-0.4918834682274185
-0.49144373839551236,-0.9087626723248026
-0.9082674657116842,-1.98054896375488
-1.9799111276869663,-1.5284613057395724
-1.5278836318669562,-1.1804886734060325
-1.1799573064765356,-0.3531946768242671
-0.3527734031966082,-0.7836966169654589
-0.7832180536919988,-0.10960059831132064
-0.10921174130522852,0.23510405814793806
0.2354470431013557,-1.1130546914237254
-1.1125322983653836,-0.6332331511934502
-0.6327746110554427,-0.29039409748308165
-0.2899811811300622,-0.7081542062428982
-0.7076856958810506,-1.6177314305644477
-1.6171418769455286,-1.1536621525321316
-1.153134355579296,0.04746672929961996
0.047834684352139376,-0.2011221376409879
-0.20072110127846904,-0.44971100458159624
-0.4492768869090779,-0.6982998715222041
-0.6978326725396863,-0.9468887384628124
-0.9463884581702952,-1.1954776054034204
-1.1949442438009037,-1.3083268923782014
-1.3077785131995094,-1.4211761793529827
-1.4206127825981152,-0.07585041323418155
-0.07546604758101613,0.4218772868190037
0.42219541666465527,0.3651593881142591
0.3654850657733451,-0.12347699720905678
-0.12308629358183773,-0.612113382532373
-0.611657652937021,-1.100749767855689
-1.1002290122922038,-1.589386153179005
-1.588800371647387,-0.7280086039329707
-0.7275374514194736,0.1333689453130638
0.13372546880844008,-0.9632204209304714
-0.9627179672765436,-2.059809787174007
-2.0591614033615278,0.7231243546193138
0.7234023955914812,-1.4401560709026637
-1.4395901483722706,0.011798002503739795
0.01217070422179955,-0.5160921317385383
-0.5156491803049887,-1.043982265980816
-1.0434690648317766,-1.571872400223094
-1.5712889493585647,-2.0997625344653716
-2.0991088338853525,-1.4422787010491553
-1.4417124960467964,0.4247953834271501
0.4251131249430277,-0.06226110152142694
-0.06187854428486111,0.4174282612597642
0.4177469831656939,-1.571113866268959
-1.570530516347393,0.8013369912891631
0.8016046240056778,-0.7979860270355998
-0.7975055621789753,-0.8358344470768782
-0.8353489454889961,-0.8736828671181568
-0.8731923287990173,-0.9115312871594355
-0.9110357121090386,-0.9493797072007137
-0.9488790954190593,-1.3156142213254003
-1.31506487237525,-1.6818487354500866
-1.6812506493314405,-1.561225074521814
-1.5606430405649947,-0.626636989788722
-0.6261793274440886,-1.3515959580965242
-1.3510418208265949,-0.8138464543356463
-0.8133638788305494,1.2534085198282627
1.253615992495932,0.12682839242674424
0.12718578631531335,-0.6947764484510058
-0.6943097183529249,-0.6676089121915083
-0.6671457974511864,-1.2639618398572785
-1.2634193646197953,-0.9437898271018162
-0.9432899592012483,2.047027968988298
2.0471298296414697,-0.28360241703983247
-0.28319040449915556,0.042840918224604924
0.043209488863381496,0.5520498308161924
0.5523506377690918,0.2992068224501585
0.2995412768388578,0.3059773503854007
0.30631090377665693,-0.8206344711053474
-0.8201509922754564,-0.6475278097352493
-0.6470673673156297,0.11982620671112695
0.12018453242532116,0.5336388403631489
0.5339420973842677,0.2605952863495651
0.2609348790222552,0.5400222067193542
0.5403246142650967,-0.3385599259495013
-0.33814059986171585,-0.6816638987597945
-0.6811989136325426,-0.9438227029587377
-0.9433228306831692,-1.2059815071576814
-1.2054467477337965,1.9454685764631294
1.9455839522740348,-0.2209132147203036
-0.22050954463261377,-0.9051394686165372
-0.9046447441663029,-0.8711505399894839
-0.8706603386633072,-0.8371616113624303
-0.8366759331603109,0.9041102431783055
0.9043641992010598,0.15180018770897624
0.15215425844107763,-0.03724997634806658
-0.036870747501848544,-1.8934922578067637
-1.8928660069313503,-1.1091948061541497
-1.1086729267554207,-1.1567188611540973
-1.156190657425501,-1.840143005770873
-1.8395238544215429,-1.890684833054762
-1.890058955781311,-0.5497507480447394
-0.549303317443905,-0.7190110905546319
-0.71854113539777,-0.8882714330645243
-0.887778953351635,-0.39600782694391834
-0.39558085589662606,0.36168704080642805
0.36201318055297255,1.4463701742530553
1.4465519682795749,-0.57800524436854
-0.5775540537612206,-0.8707726711228
-0.8702825200820494,-0.9241004225588758
-0.9236031748532643,-0.21853290863804348
-0.21812955531290368,-0.5245167780390289
-0.5240727054839289,-0.15912456482449452
-0.15872911734752257,-0.27663594482489695
-0.2762248593572213,0.18838352676723047
0.18873272912048975,-0.249243973355152
-0.24883653311226395,0.5699424309162469
0.5702408567864458,0.1198930578830927
0.120251374700974,-0.20037305132032385
-0.19997211464351133,-1.000098386582164
-0.9995910253415494,-0.5064907297839745
-0.5060490560703743,0.3720018283459899
0.3723265954378038,0.8434188236476801
0.8436808562656918,0.34844560635275856
0.34877350822165143,0.7280559608411711
0.7283333455329659,-0.7776304510031182
-0.7771526949931497,0.44964378687145956
0.4499582216514103,-0.11102852569896891
-0.11063947866944916,0.4148378917630978
0.4151569583860593,-0.5774174148137868
-0.576966302432705,-0.3674914641893101
-0.367068287996743,-0.15756551356483336
-0.1571702735607811,-1.7237381996838248
-1.7231345390663324,-1.3082293586831883
-1.3076809924839288,-0.11512324551263503
-0.11473365357256807,-0.018840224505057655
-0.018463445562229206,-0.4293896208177567
-0.42895820744171065,-0.2592456556819217
-0.2588368844512157,-0.11311851855052034
-0.11272919339228843,0.277515332017454
0.27785267303148037,0.17306530088772493
0.17341654173524662,0.22400326275737728
0.22434772496461597,0.4145153853100113
0.4148344948509686,0.5552130946093132
0.5555134806064738,-0.5147883679262079
-0.514345589992845,0.6517081801540626
0.6519957249332008,0.6783478683764822
0.6786318680419746,0.8333310925399713
0.8335944675968625,0.5264751102519685
0.5267793205964579,0.3510198001256804
0.3513473594301485,0.8778315742702122
0.8780890273634636,0.8578381602142455
0.8580982739589432,1.802722140033571
1.8028565120254918,-0.30311682734855655
-0.3027022179005249,0.09731610529190597
0.0976774265692255,0.7885848632613081
0.7888541929850365,-0.29832201278288456
-0.29790804141148514,2.5311610642796727
2.5311984982463103,1.2551377986354928
1.2553450411769744,0.028075192661600686
0.02844572826988988,0.40105153094631035
0.4013724322084556,-1.748951849284352
-1.7483448333252911,1.1139813927042252
1.1142074198311973,0.34189719600016233
0.34222596930789134,-0.13638252427354838
-0.135990103225325,1.4224664529013
1.42265142794886,0.4558795794291931
0.45619318437235656,1.7838334585703017
1.783970344199839,1.1961487129984194
1.1963638055947026,1.5244718510108517
1.5246432515478634,0.8305019495214245
0.8307657010704667,0.05102722640008998
0.051394707634494434,0.9680061633009283
0.9682516162850416,0.9958717429851145
0.9961134877183669,1.8772768516428961
1.8774013021626408,0.6688888463492835
0.669174104787318,0.6899299293266248
0.6902123876932109,-0.1858505275650862
-0.1854515234933667,-0.7399798913163643
-0.7395071457071108,-0.25824442029554767
-0.2578357823056364,-0.4886094931897112
-0.4881701990465971,0.38950164259635134
0.38982408087598924,0.4007832865691699
0.4011042235283096,-0.7965735857328086
-0.7960933088387793,-0.07303785280745428
-0.07265386143968834,0.03566308792285876
0.03603261376140858,0.7113494458747722
0.711629053809335,0.47225217473933967
0.4725636008765589,0.23315490360390667
0.23349814794378237,-0.005942367531525905
-0.005567304988993743,0.7649109444353828
0.7651834245988602,1.0957782979096042
1.0960067474387911,1.3039843481515907
1.3041850903704038,-1.3121354698625758
-1.311586583852126,-1.86469246390989
-1.8640700456071964,1.3972483483313587
1.3974366793133384,-0.10521559197627525
-0.10482731851101385,0.7281035315772275
0.7283809099384804,1.6719185067072395
1.6720702855750047,-0.06474279368569624
-0.06435990619448619,0.4653040219046826
0.46561637267702605,0.06645354913569922
0.06681897749070143,1.8971010320165782
1.897222844405885,1.1365478289216375
1.1367708529886524,0.5601834210314416
0.560483145595485,0.5366789503059872
0.5369818027602374,-0.4149046812743209
-0.41447519550179646,1.0484016999704298
1.0486364542064301,0.7511107030117801
0.7513850196616224,-0.00035880917462780725
1.5510328092565637e-05,-0.2814057966021657
-0.28099407637981566,0.5437691752999865
0.5440710842126619,1.0007700265516641
1.001011119439003,1.6854104957471092
1.6855604791496253,1.2475388023359562
1.2477470561244632,0.15733000710992903
0.15768334195360512,2.709236436231018
2.709250172569297,0.33507067465335444
0.3354003564099278,-0.2326236039864453
-0.23221837552237967,0.18027989778598644
0.1806301785409688,1.118978345899184
1.1192037080496438,0.732358163619485
0.732634975789648,0.45942646854866
0.4597396014846095,0.8298114821289289
0.8300753255628818,0.8368091832580179
0.8370720954631383,0.14085982024477833
0.1412153468815308,0.0015265013875360332
0.0019005699999252348,0.08452218408988603
0.08488520793610416,-0.9453969823586738
-0.9448969005836796,-0.3727034451886756
-0.37227957540447154,-0.4139885208041007
-0.413559156950908,-0.11331480324363889
-0.11292545196454784,1.084914508680989
1.0851444039240716,0.7702688759531621
0.7705406431024339,0.3444585570163364
0.3447869894673776,2.3987329696593593
2.3987880266792927,0.5333088926227071
0.5336121935520813,0.9477619290484189
0.9480100760622259,1.4429947173727637
1.443176960592913,0.5283755542779051
0.5286795117181566,2.102661189415219
2.10275564660003,1.2463564009952226
1.2465648121334363,-0.5619521292415991
-0.5615030749249532,0.4590053475633963
0.45931853654060795,1.9833293275067716
1.983439664945454,-0.21646070987320482
-0.2160576323088043,0.21102973358499272
0.21137592226271104,1.150978947018672
1.1512000506445292,0.3197282833588591
0.32006000682554114,-0.3404798286442371
-0.3400602470627242,1.7623113616478214
1.7624511113604084,0.4100258406013689
0.4103455475947467,1.8811655955775886
1.8812895285973132,0.07603267765888884
0.07639683125800958,0.6298944071304146
0.6301848548078061,-0.33497045380899837
-0.3345516053952217,0.44698098164805933
0.4472957707845271,0.02438301325099598
0.024754040201207115,0.032042781896718095
0.032412789512539036,-0.19878424462203656
-0.1983835193778902,0.42782309071493085
0.4281404293144405,-0.14964068132280092
-0.14924649592684644,-0.5903390052952334
-0.5898861733554855,0.25013623999407886
0.25047722451894255,1.3814858215595074
1.38167625016171,0.8461250399241487
0.846386712408657,-0.4033039418668335
-0.4028759998788771,0.8218167254485503
0.8220816327958931,2.1162197968201877
2.116312449674418,2.2918707348833887
2.29194001274418,1.8513644030849636
1.8514923019399219,1.0473691793814173
1.0476040710215342,0.03344910947894045
0.03381892994575797,-0.08550952183965713
-0.0851238707871493,0.7543100170667453
0.7545839079634099,1.6226768012346102
1.6228351330109738,1.0857335804722583
1.0859633667162205,0.763341820399982
0.7636145093768278,-0.22457880468548527
-0.22417464679430102,0.20825234398234307
0.20859890226505445,1.3047245857740004
1.3049252294846598,1.0325716733730161
1.032808534211873,0.8206586816597057
0.82092374311534,1.6517302966985716
1.651884762140526,1.489520234827944
1.4896962866000014,0.9014229696875183
0.9016772833229384,-0.5037607029126594
-0.5033193925011907,2.455464712825661
2.4555122201897883,1.9436198541799201
1.9437354760121204,1.4009449869441948
1.4011328259908378,1.8678331736515146
1.8679588809018723,1.280487578137306
1.280691447221543,1.2166899051599893
1.2169022642084915,1.7372697595129676
1.7374128416716663,1.7673235278109334
1.7674626105225213,2.359151935151982
2.359212259473258,1.5227219089511592
1.5228935423641499,2.5686516373410813
2.568684082197447,1.5951415536507985
1.5953035497186183,1.225945912093078
1.2261570393855545,0.5848624918438208
0.5851589322061133,0.6091016612760913
0.6093948759771224,1.5442203338827654
1.5443891063628896,1.1356303043196467
1.135853450487527,2.1130785958052116
2.1131716666791456,1.3656288231676068
1.365821361961975,2.699411829759224
2.699426873520705,0.5362612932598374
0.5365642012943812,1.6964275405809506
1.6965760578748676,1.3123805545050746
1.3125801793870229,0.9283335684291996
0.928584300899179,2.295461801567419
2.2955306015420054,2.102389622021049
2.10248411534507,1.9093174424746802
1.9094376291481354,1.2363406156163903
1.2365503596192053,0.27657030759583007
0.27690777437029873,-0.5933886222288799
-0.5929353844571075,-0.7196616017015117
-0.7191915599769722,1.0180461902205862
1.0182849840583619,1.2918283749923773
1.2920307348842637,0.14285748327834955
0.1432127440733091,0.882043921957998
0.882300814487209,1.6212303606376472
1.6213888849011098,0.49152384221726164
0.49183270375046667,-0.6381826762031236
-0.637723477400176,2.630130966624384
2.6301552300333038,1.506019074557123
1.5061929307230844,-0.07290430658930491
-0.0725203329933881,0.2505489385971801
0.25088986820160186,-1.0451331951200258
-1.0446198408094869,-0.4000792854719797
-0.3996517726096682,-0.1259212740570049
-0.12553024515423702,-0.7185844611090024
-0.7181145627264488,0.999587467537298
0.9998287177953261,0.37409352499188553
0.37441801372825245,0.5580271724023814
0.5583271839122169,0.10604207674505155
0.10640223680155599,-0.34380838187432633
-0.3433883573409524,-0.7936588404937043
-0.7931789514834607,-0.057351493585641525
-0.056969589701995706,1.462073057723141
1.462252762066553,0.33610345488762167
0.3364329992055256,0.2454723586032397
0.2458139637806209,0.38066785818849047
0.3809914720363027,-0.4082875509709102
-0.40785894578222515,-0.5133193959190198
-0.5128768134711545,-0.7986875472938925
-0.7982069890814816,-0.7457169116696534
-0.7452434025984189,-0.496907167643932
-0.496466769276223,0.08097645177193477
0.08133994747142384,-0.3515737706440277
-0.35115271272071835,-0.20669000105713717
-0.2062882237434326,1.4409605194471582
1.441143033371032,0.313674292853968
0.3140068219638757,1.3614624238885096
1.3616555171322697,-0.2980584375237726
-0.2976445012280182,0.8121322433631173
0.8123984394864138,0.36846958702792276
0.368794824177674,-0.29774460919972584
-0.2973307146671132,1.108265393073687
1.1084921808652781,2.5142753953471
2.5143150763976694,1.2241437328023204
1.2243550999223183,-0.06598792974246029
-0.06560487655303376,0.30164727347618747
0.3019814030984645,0.5265858754305572
0.5268900710348162,0.7515244773849274
0.7517987389711683,0.9764630793392972
0.97670740690752,0.08063000013527587
0.08099354193929943,0.9669265300860056
0.9671721267438141,-0.09278500284423022
-0.09239838359694573,-0.9260916092565028
-0.9255940965709458,-1.2982131811841604
-1.297666147901684,-1.1242056582507327
-1.123681781261936,-1.1403617068441219
-1.1398356798666371,-1.1223193615902074
-1.1217957356229682,-1.4536488449496276
-1.4530811268495192,-1.7849783283090477
-1.78436651807607,-1.828756381157494
-1.8281387450991073,-1.6995453521047645
-1.6989449109841883,-2.3675919879251537
-2.366902645567263,-0.44697494994787185
-0.44654119637963796,0.05694318986374669
0.057309883823066406,0.5608613296753653
0.5611609640257708,-0.96006108180875
-0.9595590485882799,-1.480601249633695
-1.480029944804762,-0.4591663627253595
-0.4587309867678755,1.0313006884015141
1.0315377183784677,0.15636962477997418
0.15672308742786756,-0.7185614388415659
-0.7180915435227325,-1.593492502463106
-1.5929061744733326,-0.4009870978650694
-0.40055946419435823,0.9325661660844754
0.9328163352956216,2.2661194300340206
2.266192134785602,-0.16373532617642633
-0.16333926511596011,-1.3867013227093292
-1.3861425137440673,-0.20540640397993956
-0.2050047974827054,0.21244606664478274
0.21279206684200477,0.6302985372695046
0.6305889311667144,-1.4345105195102374
-1.4339453482694655,-1.3601133274026551
-1.3595580566719323,-1.2857161352950734
-1.2851707650743995,-0.73237177336666
-0.7319000402183083,-1.6912070814651445
-1.690607749971557,0.8502377283471432
0.8504988535299065,0.16950563104109673
0.16985734559664542,-0.47900599148133366
-0.47856797533759665,-1.1143283498239107
-1.1138057872717018,-0.7396513574809349
-0.7391786555917794,-0.9929200247137235
-0.9924136187436212,-0.9743960713576205
-0.9738921304884333,-0.5803111319562552
-0.5798596344897308,-1.2368526818367012
-1.2363138141882115,0.8989478938553523
0.899202536864939,-0.14305002755517393
-0.1426567192196569,0.06694374327850673
0.06730910640024006,0.2769375141121869
0.2772749320201366,-0.25449492610701113
-0.2540867870862658,-0.5800735060707819
-0.5796220402266534,-0.9056520860345527
-0.905157293367041,-1.2312306659983234
-1.2306925465074285,1.3037478848679074
1.3039486585544013,-0.3201508374840193
-0.3197339612113435,-1.4356381910663252
-1.435072869759089,0.06788838655438544
0.068253623966398,1.1984902668854611
1.1987050478761967,1.145048910518522
1.145270803292253,0.01815474133348052
0.01852659711965925,-1.861895273032555
-1.8612732269699366,-1.8667943553944908
-1.8661716573796576,-0.5190228123889505
-0.518579470950988,-1.3751114153369681
-1.374554148714786,-1.3563959540400694
-1.3558411780039887,-1.3376804927431705
-1.3371282072931912,-0.9813565710731725
-0.9808517039257827,-1.4626419412361016
-1.4620730263671684,-0.5395026448428242
-0.5390565780226092,0.3836366515504533
0.3839598703219504,0.23937132683897708
0.2397137439196651,0.09510600212750084
0.09546761751737982,0.08372536920318778
0.0840884990866577,0.06384059332358906
0.06420636940132841,0.015276066635920425
0.01564830550574739,-0.42538934736193285
-0.4249584663278533,-0.8709089224237646
-0.8704187532511822,-1.0797731286356254
-1.0792551645676458,-1.3444237003907833
-1.3438705175790462,-1.1256263545326206
-1.1251022884826858,-0.9068290086744578
-0.9063340593863253,-0.38164848225696263
-0.3812234220994814,-0.1815740621576848
-0.18117562718256078,-0.3255751987620583
-0.325157600634944,-0.804052941981555
-0.8035716697617667,0.7993036507823553
0.7995715540884925,0.6556122628023411
0.6558992880402386,1.2646985968736055
1.264904567098534,0.2439032419364793
0.2442450559262483,-1.0121178387979755
-1.011608878052002,-0.06172828275276055
-0.06134579642179511,-0.6498897731195871
-0.6494290163783976,-0.7531515738771549
-0.7526770754278833,-1.1563181657103627
-1.1557900153048712,-1.1951768952524313
-1.194643573667337,-1.2340356247945
-1.2334971320298032,-0.057543300880917275
-0.057161371472248264,-0.9657729060531608
-0.9652701127237171,-0.7423093350847537
-0.7418362794815234,-0.5188457641163461
-0.5184024462393293,-0.29538219314793845
-0.29496861299713506,-0.07191862217953131
-0.07153477975494137,-0.40952780787148274
-0.4090990376338818,-0.7471369935634338
-0.7466632955128217,0.2039793440905982
0.2043264710087267,1.4226960382298772
1.4228809827250497,0.15163713330483766
0.1519912257356312,-0.4891653023968894
-0.48872593428869027,0.727111406063467
0.7273889164532057,-0.23033340544511377
-0.22992848175241154,-0.3102722572320267
-0.3098566955651887,-1.1882373398873882
-1.187704941793298,-0.8532875827075417
-0.8527997585193061,-1.1098858047300695
-1.1093638333757418,-0.5435474599506541
-0.5431008548610302,0.22956049632915476
0.22990421899978913,0.16093448444988537
0.16128733962271483,-0.27530078597420743
-0.27488987818465704,0.13055053637732733
0.13090743493640158,-1.3761369618835813
-1.375579558785363,0.26525548317536346
0.2655944556858647,0.25775791331852066
0.25809788357858215,0.12547251750620061
0.12583009182971486,-0.2534419773094674
-0.2530339784113511,-1.2528633795803312
-1.2523223812859205,-1.1412852442401586
-1.1407590943616477,0.49974362332755823
0.5000513910019337,0.17242887969548296
0.17278020523564197,0.19020483252050624
0.19055379250096352,1.125755461131078
1.1259799214074813,1.7936153282598921
1.7937509121534847,2.461475195388706
2.461521902899488,1.3091826092324528
1.309382659685426,0.4328111772735286
0.43312785207646615,-0.06530337042407923
-0.06492040833333827,-1.129367833543711
-1.1288432695912411,-0.2886439317425739
-0.28823124829530017,0.45332086456285026
0.45363481001056133,-0.380203680206218
-0.37977881231778365,0.043538414010405105
0.04390689182895768,-0.5839370814619909
-0.5834851014671814,-0.6263974642030699
-0.6259398337336376,1.441851227176199
1.4420336225679,-0.30343044247683987
-0.30301579129403783,0.14539650257376682
0.14575142548519426,-0.8227277874972008
-0.822244030096313,1.0999395283845432
1.100167424152184,0.31946588273103954
0.31979764111705095,-0.2407904491679234
-0.24038413388955068,1.0231318622919459
1.0233699793468212,0.5485288946643913
0.5488301701707772,0.09499821674900595
0.09535984648257444,0.31665897122327985
0.3169911031429529,1.1562022317312302
1.156422640261193,-1.005621691201342
-1.0051135949392658,-1.4374372033957366
-1.4368716426824268,0.3492302023547336
0.3495579998124198,0.8558349892324728
0.8560953695519413,0.8543612050609481
0.8546217815062997,-0.0021155156102585426
-0.0017409623313804105,0.07827224932270706
0.07863610488770668,0.5609887468844537
0.5612883642786365,1.0437052444462007
1.0439406236695667,1.8042765429882728
1.8044107081258536,1.2746250188458246
1.2748296680983116,-0.13914264942889978
-0.13874986107317377,-0.052951957510823044
-0.052570639101573315,-0.41226038529788595
-0.4118312514187347,1.9547252445189829
1.954839388485883,2.2799616486389813
2.2800325113180255,0.21627967050274516
0.21662516053778977,2.585775112627581
2.585805278753603,1.3085897948107537
1.3087899241533323,0.03140447699392623
0.0317745695530619,0.19611782499574468
0.19646599809648563,0.5079510199864443
0.5082576954500683,0.0003751378716389727
0.000749359703333046,1.6611038835283523
1.6612571015671724,0.6808859059278796
0.6811695678404868,0.9880191766397824
0.9882619663642478,0.06354742462279175
0.06391323971436465,0.4092778546042068
0.40959766113686386,0.46674054989021263
0.4670527094945918,0.2658693360430722
0.26620822686424733,0.986704891451042
0.986947856075841,1.4927146571219372
1.492890283791795,-0.0302068875619739
-0.029828595984614098,0.7052556660166641
0.7055360848894762,0.6956179908508455
0.6958996922707152,0.15296386230156453
0.15331777817604736,2.114183508870784
2.1142764327068715,0.4728341008351412
0.4731454495317341,-0.03656850439155014
-0.036189366233162684,1.1410617478607281
1.141284171231688,0.001254018103397008
0.0016281229768790866,0.4237426226545993
0.4240605042680842,-0.6125569314194029
-0.6121011427981644,0.4094256374786497
0.4097454243448947,-0.26096291659843135
-0.26055391684083506,-0.8392437276135315
-0.8387577723308894,-0.21235226530674622
-0.2119497344793335,1.4375837725494192
1.4377667358385937,0.517593523959306
0.5178989162332722,0.28870677303903336
0.289042624736445,0.8020251330017472
0.8022926741428442,0.18930223267039079
0.1896513127655813,1.4809200242997762
1.4810972205568387,0.16950145660267027
0.16985317171373818,0.09416432214497465
0.09452606285023002,-0.1927971277840761
-0.19239719928384896,0.9143156640476546
0.9145682619698005,0.5688874863351544
0.569186052593574,0.6153631051862247
0.6156554866368791,0.7917542876384703
0.7920231955866316,-0.004629414259934502
-0.004254526440489205,0.7038015746475782
0.7040821870256262,0.7168392705439867
0.7171181479124787,1.1117144046930516
1.1119407335026132,1.6397456070078602
1.6399016673291018,0.3011200936558634
0.3014542934333299,2.26751214985832
2.267584669271769,0.4915622926831378
0.4918711490994935,-0.49496631077845193
-0.4945261706929759,-0.029211327356909407
-0.0288331682651117,0.0996899715479842
0.10005097691974255,0.44549691372798206
0.4458119003588571,0.7397819352504256
0.74005775949183,0.5127546748840899
0.5130607110946421,0.9405366055310257
0.9407857140648318,1.3916120502566627
1.3918011312968654,-0.6062456872368652
-0.6057907384932442,-0.42572071273809514
-0.42528978760710623,1.5086984764017453
1.508871976002571,-0.1816949484096163
-0.1812964973473858,0.9488922542398267
0.9491402508340331,0.6788636506985001
0.6791475817255409,1.3109967713490438
1.3111965803798644,1.0347577785902822
1.0349943485101396,0.7585187858315204
0.7587921166404148,0.20496822763949024
0.20531522296056195,1.417171473749845
1.417357153434137,1.2047163959173897
1.2049303483573253,2.167608710211535
2.16769452441448,0.7780104088140524
0.7782811457480471,1.0262192774250591
1.0264569836178616,0.8665407190958895
0.8667996747354327,0.3033015833831936
0.3036354928558736,0.768586078672256
0.7688580697621218,2.0109487456297797
2.011055407575894,1.692712905231434
1.6928619168556285,2.450819467106144
2.450867592642821,2.4650194297265875
2.4650656655834444,1.9178758603748307
1.9179949081248935,1.355998309213019
1.3561921296014565,1.1953173162478166
1.1955325194833812,1.7637440618441171
1.7638836208981283,2.190046874846712
2.1901297030596196,1.7867704295701805
1.786906924358208,1.38349398429365
1.3836841456567974,1.9207077833811652
1.9208264542691262,1.0395424867891643
1.0397784199773084,-0.7501761176621258
-0.7497020151758378,0.6569883955002922
0.6572752376074126,0.9436247405547167
0.9438734381306497,-0.4418903363967953
-0.44145725947059766,0.4886879243070599
0.4889971632339941,2.292742208984175
2.2928113708723354,1.5815510197867544
1.5817148244338133,-2.1727814491295128
-2.1721180314556365,-0.9710255948957738
-0.9705221025574401,-0.890580184287799
-0.8900873973346223,0.4104215385256426
0.41074119286096755,1.2038183612340896
1.2040324331812424,0.6111641535238004
0.6114570937558004,0.018509945813511952
0.01888175433035935,-0.5741442618967774
-0.5736935850950826,-0.47152917133852484
-0.47109215018305095,0.2989024487786588
0.2992369436723087,0.7593033551822551
0.7595765815834893,0.19144829304883876
0.19179708755405284,-0.1969434353212209
-0.19654295504533834,1.0220112133983692
1.0222494795851582,0.10690331327299366
0.10726335871924658,0.6409185904790676
0.6412075710978924,-0.2464165349490994
-0.24600947097151865,0.23588824382092485
0.2362311244177409,0.7181930225909486
0.718471719807,0.30414596743198946
0.30447976453708514,-0.10990108772696927
-0.10951219073282929,0.22425765147514798
0.22460207982925343,2.315731870060959
2.315797972567924,1.8055345998259085
1.805668597545822,0.6470052843584149
0.6472934549819668,-0.9203714707855911
-0.919874719315435,0.28564538996763406
0.2859816490628655,1.4916622507208592
1.4918380174411658,2.6976791114740846
2.6976943858194664,0.40294080328350507
0.4032614531281004,-0.8505799623434009
-0.8500924984755196,2.034912483858821
2.035015956797065,0.6195077979434153
0.6197996278333031,-0.7958968879719898
-0.7954167011304583,0.2631194927330365
0.2634587494934434,0.6964526143184406
0.6967342046696289,0.26487720180851704
0.2652162246593385,0.7610263863377711
0.7612993834442324,0.5679756748007857
0.5682743623997962,0.37492496326380026
0.37524934135536014,-0.056610275481914905
-0.056228470236901494,-0.4881455142276301
-0.48770628182916315,-0.9196807529733456
-0.9191840934214252,-1.3512159917190607
-1.3506619050136868,-1.434676550627014
-1.43411135729142,-1.5181371095349674
-1.517560809569153,-1.6015976684429207
-1.6010102618468862,-1.3111802159335668
-1.3106314570448652,-1.0207627634242131
-1.0202526522428441,-0.7303453109148589
-0.7298738474408228,-0.7730075023025358
-0.77253036149791,-0.8156696936902132
-0.8151868755549976,-0.6903204438629058
-0.6898543067538471,-0.5649711940355979
-0.5645217379526961,-0.4396219442082906
-0.4391891691515455,-0.31427269438098315
-0.313856600350395,-0.18892344455367532
-0.18852403154924396,-0.06357419472636794
-0.06319146274809341,0.40454299612635697
0.4048634327569063,0.8726601869790814
0.8729183282619055,0.48179889008129845
0.4821090457760655,0.09093759318351509
0.09129976329022503,-0.6368208812867734
-0.6363618637065825,-1.3645793557570618
-1.3640234907033901,-2.0923378302273505
-2.0916851177001976,-1.0793054163313525
-1.07878751450484,-1.2164632959451418
-1.2159271416426023,1.0538958268642342
1.0541298499616394,0.40205462757896043
0.402375395352623,-0.24978657170631383
-0.2493790592563938,0.8155915716372942
0.8158573074056583,1.880969714980902
1.88109367406771,2.0726850037525324
2.072783450060037,-1.6309346453940123
-1.6303433347388745,-1.1054332138329226
-1.1049118350133353,-0.5799317822718322
-0.5794803352877957,0.8300724914091554
0.8303363001089346,-1.0249141566541742
-1.024403493020364,-1.4176622399440004
-1.4170993108115182,-1.8104103232338262
-1.8097951286026719,0.1406768171479854
0.1410323681381301,-2.1640378734716785
-2.163375619361322,-1.8982074417806918
-1.897580563425598,1.5336065671551848
1.533776752077112,-0.5198608495501021
-0.5194173965891762,-0.30835649137374227
-0.3079411846501164,-0.09685213319738244
-0.09646497271105664,-0.3438940229056294
-0.34347398697545584,-0.5909359126138759
-0.5904830012398546,-0.0030324368947598004
-0.0026577615953035506,0.5848710388243563
0.5851674780492475,1.1727745145434725
1.1729927176937984,0.3126139171697785
0.31294658739065856,-0.5475466802039151
-0.547099542912481,-1.5813245612090987
-1.5807398524850698,0.14496860759860108
0.14532358745274884,0.2061326397105906
0.20647948007590275,0.1206362627253082
0.12099448064016911,0.03513988574002538
0.03550948120443503,-0.1685441658475007
-0.16814746484399173,-0.37222821743502676
-0.3718044108924185,-0.5759122690225529
-0.5754613569408452,-0.4131572141225538
-0.4127279608966566,-0.4599488400128194
-0.45951335992607956,-0.48659545933431314
-0.48615643321156193,-0.5132420786558065
-0.5127995064970439,-0.5398886979773003
-0.5394425797825262,-0.5665353172987936
-0.5660856530680081,-0.5931819366202874
-0.5927287263534905,-0.6198285559417812
-0.6193717996389728,-0.6464751752632746
-0.6460148729244547,-0.6731217945847683
-0.6726579462099371,-0.6997684139062617
-0.699301019495419,-0.7264150332277555
-0.7259440927809013,-2.2933282791375653
-2.2926488195262444,0.13921316803343742
0.13956891380072836,-0.8035481236956992
-0.803066918655308,-0.6885131197696601
-0.6880472231727744,-0.573478115843621
-0.5730275276902409,-0.4584431119175818
-0.45800783220770724,-1.412963123034509
-1.4124008192435602,-1.9820131518964683
-1.9813751209796764,-1.6160779601666166
-1.6154886265855757,-1.250142768436765
-1.2496021321914748,-1.2462842037464845
-1.2457440809850693,-1.1396468518016563
-1.139120919954503,-1.0330094998568276
-1.032497758923936,-0.29807432502759995
-0.29766038661759386,-0.4311105123915072
-0.4306788700054161,-0.9359478984831142
-0.9354490741581288,-1.4407852845747213
-1.4402192783108414,-1.824739924286467
-1.8241228227236772,-1.814396933253181
-1.813781208098341,-1.8040539422198951
-1.803439593473005,-0.6668572134953726
-0.6663941987884027,0.4703395152291492
0.470651195896199,0.4706772342763357
0.47098887000095246,-1.6324588450158544
-1.6318673315257273,-1.7104793338158515
-1.709877437640417,0.7289941161585796
0.7292713760040478,0.46447756714086724
0.4647900278948304,0.1225416983152669
0.12289966266163051,-0.892666604144123
-0.8921735395377155,-0.750684571229549
-0.7502104010800937,-0.6087025383149751
-0.6082472626224721,-0.4667205054004012
-0.4662841241648503,0.5742251830620073
0.5745230389989943,-0.19510834456514303
-0.19470810849652093,-1.4078387586674748
-1.4072771368084573,-0.8267159742747823
-0.8262316861403795,-0.5987253705822848
-0.5982714226152858,-0.3707347668897877
-0.3703111590901926,-0.14274416319729016
-0.14235089556509892,-0.4235584594284358
-0.42312782204232025,-0.7043727556595819
-0.703904748519542,-1.1709510506464074
-1.1704209529493548,-1.637529345633233
-1.6369371573791678,-0.7745910750761903
-0.7741137235354101,-0.7607838860520841
-0.7603083719222304,-0.7469766970279781
-0.7465030203090509,1.5402215646459185
1.5403908692678332,0.3948036556353489
0.39512538834221067,-0.47677067380706445
-0.47633295513134294,-0.7047413939780569
-0.7042733377809589,-0.9118915865282823
-0.9113959635305445,-1.1190417790785077
-1.1185185892801301,-1.3261919716287334
-1.325641215029716,-1.5333421641789584
-1.5327638407793016,-0.6074545385981212
-0.6069994289849201,-1.681975937763751
-1.68137783471748,-1.1837063399806724
-1.183174544855711,-1.2273458775851698
-1.2268082750679083,-0.3895367851449081
-0.3891106752405238,-0.3901447839913446
-0.3897185931766663,-1.0631838228625583
-1.06266806643957,-1.1791135499654242
-1.1785823660323962,-1.9885334695941
-1.987894570976941,1.5892420742018065
1.5894048553510778,-0.8575374701966151
-0.8570490804486774,0.0021004014643556013
0.002474393704192067,-0.7894272987816425
-0.7889479728897111,-0.2566230919810161
-0.2562146697516305,0.2761811148196098
0.27651863338644966,-0.07243728536901059
-0.0720533739225937,0.4663698640989727
0.4666820730328803,1.005177013566956
1.0054175199883544,0.258627986679368
0.2589678411532041,-0.48792104020822
-0.48748183768194614,-1.2344700670958075
-1.2339315165170959,-0.8867637562922817
-0.8862714772155806,-0.6757545278112467
-0.6752903290817713,-0.3526875205233335
-0.3522663143862064,-0.029620513235420403
-0.029242299690641505,-0.7714646217981947
-0.7709876863145427,-0.31524103832755435
-0.3148248154332456,-0.5539404319014659
-0.5534924437526119,-0.7893624330592063
-0.7888831157993713,-1.024784434216946
-1.0242737878461303,-0.31762836312331655
-0.3172118225324327,0.23303997080227157
0.23338323043699008,-0.3796523997936425
-0.3792276052676176,0.54836840624069
0.5486697031042967,-0.691770877008391
-0.6913045468809195,-1.2164295487813108
-1.2158933989697223,0.5009785131842132
0.5012861165238995,-0.309178165909937
-0.30876274984082686,-0.6566791374692704
-0.6562174772239557,0.8103867959192887
0.8106532243204368,0.668711526532963
0.6689968085680792,-0.10726329383109402
-0.10687474786505381,-1.063006427529083
-1.0624906947132258,-0.19171143001567423
-0.19131164599619108,0.6795835674977344
0.6798674027208437,-0.7337517223957984
-0.733279805608806,-0.9081058972995081
-0.9076107780876417,0.01385869915550337
0.014231126643483591,-1.2757755377827564
-1.2752314904209534,-0.6415186457586706
-0.641059003016924,-0.007261753734584799
-0.006886515612894449,0.0988801766682756
0.09924128980461641,-1.5889730372953255
-1.5883873107396795,-1.7210336247155449
-1.7204303240131362,-1.8530942121357643
-1.8524733372865934,-1.9851547995559837
-1.98451635056005,-0.8108632073231523
-0.8103810288178102,-0.14952051857962798
