date,feature_index,NO2
2022-07-03T00:00:00.000Z,0,2.8602474759355647E-5
2022-07-08T00:00:00.000Z,0,2.443739709845934E-5
2022-07-07T00:00:00.000Z,0,2.4180416760885766E-5
2022-07-06T00:00:00.000Z,0,
2022-07-04T00:00:00.000Z,0,4.1777431718845375E-5
2022-07-05T00:00:00.000Z,0,2.9550957467859995E-5
2022-07-09T00:00:00.000Z,0,3.178884838731166E-5
2022-07-10T00:00:00.000Z,0,2.5705392909889295E-5
2022-10-12T00:00:00.000Z,0,2.3974093424198253E-5
2022-10-09T00:00:00.000Z,0,2.299417893136223E-5
2022-10-13T00:00:00.000Z,0,1.7373537393309974E-5
2022-10-10T00:00:00.000Z,0,2.5136351218356544E-5
2022-10-07T00:00:00.000Z,0,2.7442200567188243E-5
2022-10-08T00:00:00.000Z,0,2.7738466411330776E-5
2022-10-11T00:00:00.000Z,0,2.2837084145521658E-5
2022-10-14T00:00:00.000Z,0,1.9216523143265812E-5
2023-01-10T00:00:00.000Z,0,1.915476035005018E-5
2023-01-08T00:00:00.000Z,0,1.7618555924353382E-5
2023-01-09T00:00:00.000Z,0,2.2312689391067062E-5
2023-01-03T00:00:00.000Z,0,
2023-01-05T00:00:00.000Z,0,2.180449444930001E-5
2023-01-04T00:00:00.000Z,0,5.329057603375986E-5
2023-01-07T00:00:00.000Z,0,1.2713750910127905E-5
2023-01-06T00:00:00.000Z,0,1.1196125100809695E-5
2023-02-01T00:00:00.000Z,0,2.5464208712427145E-5
2023-01-30T00:00:00.000Z,0,
2023-01-28T00:00:00.000Z,0,
2023-02-02T00:00:00.000Z,0,2.9234578505565878E-5
2023-01-27T00:00:00.000Z,0,
2023-02-03T00:00:00.000Z,0,2.8804931025661064E-5
2023-01-29T00:00:00.000Z,0,1.6982847228064202E-5
2023-01-31T00:00:00.000Z,0,1.527314313588089E-5
2024-03-07T00:00:00.000Z,0,3.471272337264963E-5
2024-03-08T00:00:00.000Z,0,2.6176313333374256E-5
2024-03-04T00:00:00.000Z,0,1.5163591001036518E-5
2024-03-02T00:00:00.000Z,0,3.5914894397137687E-5
2024-03-05T00:00:00.000Z,0,2.6553053935963868E-5
2024-03-09T00:00:00.000Z,0,
2024-03-06T00:00:00.000Z,0,3.511755050147678E-5
2024-03-03T00:00:00.000Z,0,2.361359252220076E-5
2024-04-06T00:00:00.000Z,0,1.9947953906068258E-5
2024-04-07T00:00:00.000Z,0,3.209364574588533E-5
2024-04-04T00:00:00.000Z,0,2.466333455517412E-5
2024-04-05T00:00:00.000Z,0,2.3572502086792793E-5
2024-04-09T00:00:00.000Z,0,3.561908957076062E-5
2024-04-10T00:00:00.000Z,0,2.7886395628229366E-5
2024-04-08T00:00:00.000Z,0,3.100515967465375E-5
2024-04-03T00:00:00.000Z,0,2.3147737673904583E-5
2022-05-12T00:00:00.000Z,0,2.49786721531687E-5
2022-05-10T00:00:00.000Z,0,
2022-05-09T00:00:00.000Z,0,2.049578142759856E-5
2022-05-08T00:00:00.000Z,0,
2022-05-15T00:00:00.000Z,0,1.5052962603244984E-5
2022-05-14T00:00:00.000Z,0,4.5531261868611046E-5
2022-05-11T00:00:00.000Z,0,2.139706323718697E-5
2022-05-13T00:00:00.000Z,0,3.0059639601827727E-5
2024-02-29T00:00:00.000Z,0,
2024-02-24T00:00:00.000Z,0,2.4955160500082586E-5
2024-02-27T00:00:00.000Z,0,2.411094692897863E-5
2024-02-28T00:00:00.000Z,0,
2024-02-23T00:00:00.000Z,0,3.284846739656392E-5
2024-03-01T00:00:00.000Z,0,1.671201187036786E-5
2024-02-25T00:00:00.000Z,0,
2024-02-26T00:00:00.000Z,0,2.8136635713192096E-5
2023-05-11T00:00:00.000Z,0,
2023-05-14T00:00:00.000Z,0,1.6128734015871988E-5
2023-05-17T00:00:00.000Z,0,2.278609063939066E-5
2023-05-13T00:00:00.000Z,0,1.2981185702359433E-5
2023-05-12T00:00:00.000Z,0,2.484520328858381E-5
2023-05-18T00:00:00.000Z,0,2.4074959365331477E-5
2023-05-15T00:00:00.000Z,0,2.516671050106004E-5
2023-05-16T00:00:00.000Z,0,2.5896070337694254E-5
2023-06-11T00:00:00.000Z,0,1.2790188129151324E-5
2023-06-08T00:00:00.000Z,0,3.5546664940041005E-5
2023-06-09T00:00:00.000Z,0,2.6251462395839235E-5
2023-06-07T00:00:00.000Z,0,4.521275259321556E-5
2023-06-06T00:00:00.000Z,0,2.377894948598655E-5
2023-06-04T00:00:00.000Z,0,2.6775973781086162E-5
2023-06-10T00:00:00.000Z,0,2.9076819954347425E-5
2023-06-05T00:00:00.000Z,0,3.2012449154487845E-5
2024-05-24T00:00:00.000Z,0,4.468487059057224E-5
2024-05-28T00:00:00.000Z,0,1.7483639703195697E-5
2024-05-21T00:00:00.000Z,0,2.7479621279966362E-5
2024-05-25T00:00:00.000Z,0,3.595606333464293E-5
2024-05-27T00:00:00.000Z,0,2.5544104309183966E-5
2024-05-23T00:00:00.000Z,0,
2024-05-22T00:00:00.000Z,0,3.4566572296934744E-5
2024-05-26T00:00:00.000Z,0,2.9317404537323454E-5
2023-07-10T00:00:00.000Z,0,3.183311529700523E-5
2023-07-06T00:00:00.000Z,0,3.142737807115545E-5
2023-07-07T00:00:00.000Z,0,
2023-07-09T00:00:00.000Z,0,2.5993773741230026E-5
2023-07-12T00:00:00.000Z,0,3.591668564568964E-5
2023-07-08T00:00:00.000Z,0,
2023-07-13T00:00:00.000Z,0,1.6099144576510204E-5
2023-07-11T00:00:00.000Z,0,3.4339490318812656E-5
2023-08-01T00:00:00.000Z,0,3.361978692197935E-5
2023-08-04T00:00:00.000Z,0,2.7230589030667183E-5
2023-08-02T00:00:00.000Z,0,3.880605190972065E-5
2023-07-31T00:00:00.000Z,0,3.015792975627631E-5
2023-08-05T00:00:00.000Z,0,4.6561703039886605E-5
2023-08-03T00:00:00.000Z,0,3.548910128404419E-5
2023-07-30T00:00:00.000Z,0,2.3907092626292328E-5
2023-08-06T00:00:00.000Z,0,2.857700403599326E-5
2023-02-23T00:00:00.000Z,0,1.4137340315301117E-5
2023-02-27T00:00:00.000Z,0,
2023-02-24T00:00:00.000Z,0,3.2109048637115244E-5
2023-02-20T00:00:00.000Z,0,2.9256683570852865E-5
2023-02-25T00:00:00.000Z,0,1.9993911791971186E-5
2023-02-21T00:00:00.000Z,0,2.5567150000175127E-5
2023-02-22T00:00:00.000Z,0,2.9200876399824794E-5
2023-02-26T00:00:00.000Z,0,
2024-07-02T00:00:00.000Z,0,2.7677142497850582E-5
2024-07-01T00:00:00.000Z,0,4.330987540015485E-5
2024-07-06T00:00:00.000Z,0,2.7524413177651204E-5
2024-07-03T00:00:00.000Z,0,4.562646305809418E-5
2024-07-07T00:00:00.000Z,0,2.988660129530116E-5
2024-07-05T00:00:00.000Z,0,2.627668227626387E-5
2024-06-30T00:00:00.000Z,0,4.084615575266071E-5
2024-07-04T00:00:00.000Z,0,
2024-07-22T00:00:00.000Z,0,4.205407852471884E-5
2024-07-20T00:00:00.000Z,0,3.130820969290768E-5
2024-07-23T00:00:00.000Z,0,2.962058481443819E-5
2024-07-19T00:00:00.000Z,0,3.1381216679091895E-5
2024-07-18T00:00:00.000Z,0,2.580996598177031E-5
2024-07-17T00:00:00.000Z,0,3.73463490056262E-5
2024-07-21T00:00:00.000Z,0,2.7197514760345945E-5
2024-07-16T00:00:00.000Z,0,3.351324119323222E-5
2025-03-27T00:00:00.000Z,0,2.0700255336473324E-5
2025-03-26T00:00:00.000Z,0,2.2427171312740964E-5
2025-03-21T00:00:00.000Z,0,2.017113242921975E-5
2025-03-22T00:00:00.000Z,0,
2025-03-28T00:00:00.000Z,0,
2025-03-24T00:00:00.000Z,0,3.770622170122806E-5
2025-03-23T00:00:00.000Z,0,2.0380315918180018E-5
2025-03-25T00:00:00.000Z,0,2.902949126369744E-5
2024-05-06T00:00:00.000Z,0,1.7631219299308518E-5
2024-05-08T00:00:00.000Z,0,2.7777746953898502E-5
2024-05-10T00:00:00.000Z,0,2.3953339093298253E-5
2024-05-07T00:00:00.000Z,0,2.1921326093895856E-5
2024-05-11T00:00:00.000Z,0,2.7027730102952986E-5
2024-05-09T00:00:00.000Z,0,2.7257893543719546E-5
2024-05-05T00:00:00.000Z,0,1.9574993345204428E-5
2024-05-12T00:00:00.000Z,0,1.561432267046394E-5
2024-06-29T00:00:00.000Z,0,2.291584743648429E-5
2024-06-25T00:00:00.000Z,0,3.970648191170767E-5
2024-06-23T00:00:00.000Z,0,
2024-06-22T00:00:00.000Z,0,2.6631713416867973E-5
2024-06-28T00:00:00.000Z,0,2.5637668308426423E-5
2024-06-26T00:00:00.000Z,0,3.5694283861843876E-5
2024-06-27T00:00:00.000Z,0,2.498475953677695E-5
2024-06-24T00:00:00.000Z,0,3.394502831118492E-5
2024-08-26T00:00:00.000Z,0,2.679395621128627E-5
2024-08-31T00:00:00.000Z,0,3.658048000759439E-5
2024-08-28T00:00:00.000Z,0,3.164275888896858E-5
2024-08-25T00:00:00.000Z,0,2.581750751527151E-5
2024-08-27T00:00:00.000Z,0,2.941350109278235E-5
2024-08-29T00:00:00.000Z,0,2.9922989777036873E-5
2024-08-30T00:00:00.000Z,0,3.316350877806782E-5
2024-09-01T00:00:00.000Z,0,2.144637663414504E-5
2023-08-28T00:00:00.000Z,0,3.004132052656601E-5
2023-08-30T00:00:00.000Z,0,3.548014439798382E-5
2023-08-24T00:00:00.000Z,0,4.420958783532486E-5
2023-08-23T00:00:00.000Z,0,2.864811880030946E-5
2023-08-27T00:00:00.000Z,0,3.6969712224255726E-5
2023-08-29T00:00:00.000Z,0,4.196679504578545E-5
2023-08-25T00:00:00.000Z,0,3.0078691381900338E-5
2023-08-26T00:00:00.000Z,0,3.3218241800828505E-5
2023-11-11T00:00:00.000Z,0,
2023-11-14T00:00:00.000Z,0,
2023-11-16T00:00:00.000Z,0,3.540427316428942E-5
2023-11-17T00:00:00.000Z,0,2.8133854062990658E-5
2023-11-18T00:00:00.000Z,0,2.1543771031783244E-5
2023-11-15T00:00:00.000Z,0,4.050218412885442E-5
2023-11-12T00:00:00.000Z,0,3.307106875018036E-5
2023-11-13T00:00:00.000Z,0,4.3427291626706375E-5
2023-12-06T00:00:00.000Z,0,3.361082884151509E-5
2023-12-10T00:00:00.000Z,0,
2023-12-11T00:00:00.000Z,0,2.002669094696918E-5
2023-12-09T00:00:00.000Z,0,2.6842074460592675E-5
2023-12-05T00:00:00.000Z,0,2.0595391809389473E-5
2023-12-08T00:00:00.000Z,0,3.026593644664091E-5
2023-12-07T00:00:00.000Z,0,2.8872608592747582E-5
2023-12-12T00:00:00.000Z,0,2.5604341093729417E-5
2024-02-18T00:00:00.000Z,0,2.0435806578936298E-5
2024-02-17T00:00:00.000Z,0,1.7597566284166533E-5
2024-02-22T00:00:00.000Z,0,1.6669424168917244E-5
2024-02-15T00:00:00.000Z,0,2.7322821399244995E-5
2024-02-21T00:00:00.000Z,0,2.1642835187321907E-5
2024-02-16T00:00:00.000Z,0,2.241023841100326E-5
2024-02-19T00:00:00.000Z,0,1.851725446222474E-5
2024-02-20T00:00:00.000Z,0,1.8657576478009474E-5
2024-06-11T00:00:00.000Z,0,3.378918153269778E-5
2024-06-08T00:00:00.000Z,0,3.4371012329107285E-5
2024-06-10T00:00:00.000Z,0,2.4214760612397057E-5
2024-06-12T00:00:00.000Z,0,3.0193985419068336E-5
2024-06-13T00:00:00.000Z,0,2.675841539133795E-5
2024-06-09T00:00:00.000Z,0,2.8458795151726175E-5
2024-06-06T00:00:00.000Z,0,2.7140190756621712E-5
2024-06-07T00:00:00.000Z,0,1.9806488857174654E-5
2022-12-01T00:00:00.000Z,0,1.862659749317339E-5
2022-11-25T00:00:00.000Z,0,1.841833730509279E-5
2022-11-30T00:00:00.000Z,0,2.012565277161283E-5
2022-11-27T00:00:00.000Z,0,
2022-11-29T00:00:00.000Z,0,1.373986038432026E-5
2022-11-24T00:00:00.000Z,0,2.272574639185959E-5
2022-11-26T00:00:00.000Z,0,
2022-11-28T00:00:00.000Z,0,
2023-01-23T00:00:00.000Z,0,1.729960621169215E-5
2023-01-22T00:00:00.000Z,0,1.378420454200453E-5
2023-01-25T00:00:00.000Z,0,
2023-01-26T00:00:00.000Z,0,
2023-01-24T00:00:00.000Z,0,2.6398356498728663E-5
2023-01-19T00:00:00.000Z,0,2.1241942123298133E-5
2023-01-21T00:00:00.000Z,0,2.0674402718120687E-5
2023-01-20T00:00:00.000Z,0,2.383900475790681E-5
2023-05-08T00:00:00.000Z,0,2.5197728682075813E-5
2023-05-03T00:00:00.000Z,0,3.2427825489493615E-5
2023-05-04T00:00:00.000Z,0,2.8678321359620896E-5
2023-05-06T00:00:00.000Z,0,2.0148108652999024E-5
2023-05-07T00:00:00.000Z,0,2.9444914343912387E-5
2023-05-05T00:00:00.000Z,0,3.155393269001874E-5
2023-05-09T00:00:00.000Z,0,2.918125392170623E-5
2023-05-10T00:00:00.000Z,0,2.1664755574117105E-5
2024-08-03T00:00:00.000Z,0,2.9959644860498786E-5
2024-08-04T00:00:00.000Z,0,2.8225789799534226E-5
2024-08-06T00:00:00.000Z,0,2.7472783936555892E-5
2024-08-05T00:00:00.000Z,0,3.211426142460175E-5
2024-08-02T00:00:00.000Z,0,3.692872342071496E-5
2024-08-08T00:00:00.000Z,0,3.7257002707823026E-5
2024-08-07T00:00:00.000Z,0,5.076344726451983E-5
2024-08-01T00:00:00.000Z,0,2.4430184566881508E-5
2024-12-20T00:00:00.000Z,0,1.6823877145229332E-5
2024-12-19T00:00:00.000Z,0,1.7862870808092643E-5
2024-12-22T00:00:00.000Z,0,
2024-12-15T00:00:00.000Z,0,2.6727655495051295E-5
2024-12-18T00:00:00.000Z,0,1.0188982430138692E-5
2024-12-17T00:00:00.000Z,0,
2024-12-21T00:00:00.000Z,0,3.402222366141224E-5
2024-12-16T00:00:00.000Z,0,
2025-05-03T00:00:00.000Z,0,2.3632700683415304E-5
2025-05-07T00:00:00.000Z,0,2.0798509151518374E-5
2025-04-30T00:00:00.000Z,0,
2025-05-06T00:00:00.000Z,0,3.0192769692668526E-5
2025-05-02T00:00:00.000Z,0,4.9058765880010254E-5
2025-05-04T00:00:00.000Z,0,2.7804104549523654E-5
2025-05-01T00:00:00.000Z,0,1.8275876280832954E-5
2025-05-05T00:00:00.000Z,0,2.3162858329282035E-5
2024-09-22T00:00:00.000Z,0,4.471171875290262E-5
2024-09-19T00:00:00.000Z,0,4.127205808887788E-5
2024-09-25T00:00:00.000Z,0,4.721709290606668E-5
2024-09-18T00:00:00.000Z,0,3.186095504775842E-5
2024-09-21T00:00:00.000Z,0,4.460415168335415E-5
2024-09-24T00:00:00.000Z,0,5.402781803590747E-5
2024-09-23T00:00:00.000Z,0,
2024-09-20T00:00:00.000Z,0,3.886136887145271E-5
2024-10-11T00:00:00.000Z,0,2.2691395647717927E-5
2024-10-07T00:00:00.000Z,0,3.3913494732232875E-5
2024-10-10T00:00:00.000Z,0,3.31869019125251E-5
2024-10-05T00:00:00.000Z,0,3.65189843128955E-5
2024-10-06T00:00:00.000Z,0,4.058846784841187E-5
2024-10-09T00:00:00.000Z,0,3.101558410784312E-5
2024-10-08T00:00:00.000Z,0,2.035607977678534E-5
2024-10-04T00:00:00.000Z,0,
2025-02-11T00:00:00.000Z,0,2.2566005630627235E-5
2025-02-12T00:00:00.000Z,0,1.5335358398260723E-5
2025-02-13T00:00:00.000Z,0,1.1024710147466976E-5
2025-02-10T00:00:00.000Z,0,
2025-02-14T00:00:00.000Z,0,
2025-02-15T00:00:00.000Z,0,1.656874956097454E-5
2025-02-09T00:00:00.000Z,0,
2025-02-16T00:00:00.000Z,0,1.6597978827803672E-5
2025-05-12T00:00:00.000Z,0,3.217760240659118E-5
2025-05-11T00:00:00.000Z,0,2.1064334892647214E-5
2025-05-10T00:00:00.000Z,0,2.3696712327364366E-5
2025-05-15T00:00:00.000Z,0,1.7986338348742314E-5
2025-05-14T00:00:00.000Z,0,2.5226250937311517E-5
2025-05-13T00:00:00.000Z,0,3.110438876774424E-5
2025-05-09T00:00:00.000Z,0,2.9833783401045366E-5
2025-05-08T00:00:00.000Z,0,1.68241327855867E-5
2022-07-02T00:00:00.000Z,0,1.9533288088534623E-5
2022-07-01T00:00:00.000Z,0,2.2700317953698502E-5
2022-06-28T00:00:00.000Z,0,2.3183681411891584E-5
2022-06-26T00:00:00.000Z,0,
2022-06-29T00:00:00.000Z,0,2.7608679439274717E-5
2022-06-25T00:00:00.000Z,0,
2022-06-27T00:00:00.000Z,0,1.9156208592355913E-5
2022-06-30T00:00:00.000Z,0,2.7393143080215095E-5
2024-03-19T00:00:00.000Z,0,1.8604849539424658E-5
2024-03-24T00:00:00.000Z,0,2.6759231883438306E-5
2024-03-21T00:00:00.000Z,0,
2024-03-18T00:00:00.000Z,0,1.590563679580252E-5
2024-03-23T00:00:00.000Z,0,
2024-03-25T00:00:00.000Z,0,2.6673021703454257E-5
2024-03-22T00:00:00.000Z,0,2.894489935756674E-5
2024-03-20T00:00:00.000Z,0,1.4959033119426332E-5
2025-04-20T00:00:00.000Z,0,
2025-04-14T00:00:00.000Z,0,2.005874557653442E-5
2025-04-19T00:00:00.000Z,0,3.365317057878494E-5
2025-04-15T00:00:00.000Z,0,
2025-04-18T00:00:00.000Z,0,
2025-04-16T00:00:00.000Z,0,2.813090586322799E-5
2025-04-17T00:00:00.000Z,0,2.549006372150457E-5
2025-04-21T00:00:00.000Z,0,
2023-03-18T00:00:00.000Z,0,2.8305329413507767E-5
2023-03-20T00:00:00.000Z,0,1.9822346075670794E-5
2023-03-19T00:00:00.000Z,0,2.8356617284381563E-5
2023-03-23T00:00:00.000Z,0,3.0081190790701057E-5
2023-03-22T00:00:00.000Z,0,2.6946491528887717E-5
2023-03-16T00:00:00.000Z,0,2.6363315213415148E-5
2023-03-21T00:00:00.000Z,0,2.1133657716455855E-5
2023-03-17T00:00:00.000Z,0,3.0220657093779032E-5
2023-04-11T00:00:00.000Z,0,1.171653729428263E-5
2023-04-12T00:00:00.000Z,0,2.187433515880107E-5
2023-04-09T00:00:00.000Z,0,1.727645113743477E-5
2023-04-10T00:00:00.000Z,0,1.2099400009901728E-5
2023-04-16T00:00:00.000Z,0,2.8778627419493812E-5
2023-04-13T00:00:00.000Z,0,
2023-04-15T00:00:00.000Z,0,2.3038963258795314E-5
2023-04-14T00:00:00.000Z,0,1.930998488250573E-5
2023-08-17T00:00:00.000Z,0,1.887724938184522E-5
2023-08-19T00:00:00.000Z,0,2.2902756523701284E-5
2023-08-20T00:00:00.000Z,0,2.5180409750876617E-5
2023-08-18T00:00:00.000Z,0,2.321549781174134E-5
2023-08-15T00:00:00.000Z,0,2.6050351660759787E-5
2023-08-21T00:00:00.000Z,0,3.425719531545596E-5
2023-08-16T00:00:00.000Z,0,2.6679057708240025E-5
2023-08-22T00:00:00.000Z,0,3.187370251597292E-5
2023-09-02T00:00:00.000Z,0,4.751923425822413E-5
2023-09-03T00:00:00.000Z,0,4.106283642051598E-5
2023-09-05T00:00:00.000Z,0,2.763737335587102E-5
2023-09-06T00:00:00.000Z,0,3.4757644381647094E-5
2023-09-01T00:00:00.000Z,0,2.9515829717209355E-5
2023-08-31T00:00:00.000Z,0,2.178190767466809E-5
2023-09-04T00:00:00.000Z,0,2.4399062418589372E-5
2023-09-07T00:00:00.000Z,0,2.8460782879957343E-5
2023-09-26T00:00:00.000Z,0,3.226418601652534E-5
2023-09-29T00:00:00.000Z,0,4.006318025361859E-5
2023-09-27T00:00:00.000Z,0,4.206950374331476E-5
2023-09-30T00:00:00.000Z,0,3.397278322537252E-5
2023-09-25T00:00:00.000Z,0,2.2983693979408838E-5
2023-09-28T00:00:00.000Z,0,4.3400088701594583E-5
2023-09-24T00:00:00.000Z,0,3.244832552616308E-5
2023-10-01T00:00:00.000Z,0,2.629217070609959E-5
2024-10-12T00:00:00.000Z,0,2.974068015395393E-5
2024-10-15T00:00:00.000Z,0,9.579608688779575E-6
2024-10-16T00:00:00.000Z,0,1.8683108395640087E-5
2024-10-19T00:00:00.000Z,0,3.515791169894462E-5
2024-10-14T00:00:00.000Z,0,3.8019299171526057E-5
2024-10-17T00:00:00.000Z,0,1.929249570946759E-5
2024-10-18T00:00:00.000Z,0,2.9147799314215924E-5
2024-10-13T00:00:00.000Z,0,4.3406690262296856E-5
2024-12-28T00:00:00.000Z,0,
2024-12-27T00:00:00.000Z,0,1.368418800211657E-5
2024-12-24T00:00:00.000Z,0,
2024-12-25T00:00:00.000Z,0,4.028744539634014E-5
2024-12-29T00:00:00.000Z,0,2.1645708824033374E-5
2024-12-30T00:00:00.000Z,0,3.23267248115206E-5
2024-12-26T00:00:00.000Z,0,4.173972047283314E-5
2024-12-23T00:00:00.000Z,0,2.414661349366025E-5
2025-02-05T00:00:00.000Z,0,2.0536073928193826E-5
2025-02-07T00:00:00.000Z,0,2.7093350973002597E-5
2025-02-01T00:00:00.000Z,0,
2025-02-03T00:00:00.000Z,0,
2025-02-06T00:00:00.000Z,0,8.666446478855506E-6
2025-02-04T00:00:00.000Z,0,
2025-02-08T00:00:00.000Z,0,1.995177798822364E-5
2025-02-02T00:00:00.000Z,0,
2025-03-17T00:00:00.000Z,0,
2025-03-16T00:00:00.000Z,0,2.4957477473270213E-5
2025-03-18T00:00:00.000Z,0,2.0703047832813033E-5
2025-03-20T00:00:00.000Z,0,1.3634232055171875E-5
2025-03-19T00:00:00.000Z,0,
2025-03-13T00:00:00.000Z,0,1.9776277681557986E-5
2025-03-14T00:00:00.000Z,0,
2025-03-15T00:00:00.000Z,0,
2025-05-21T00:00:00.000Z,0,1.637457708625334E-5
2025-05-23T00:00:00.000Z,0,2.5983779172141414E-5
2025-05-16T00:00:00.000Z,0,
2025-05-18T00:00:00.000Z,0,2.048049729217802E-5
2025-05-22T00:00:00.000Z,0,
2025-05-19T00:00:00.000Z,0,1.915973552968353E-5
2025-05-20T00:00:00.000Z,0,2.6143770102093047E-5
2025-05-17T00:00:00.000Z,0,3.1186746279369494E-5
2022-06-15T00:00:00.000Z,0,2.3101695903180273E-5
2022-06-11T00:00:00.000Z,0,2.8394594447821543E-5
2022-06-16T00:00:00.000Z,0,2.353399162302594E-5
2022-06-09T00:00:00.000Z,0,1.9893173527764573E-5
2022-06-10T00:00:00.000Z,0,2.2900676257060175E-5
2022-06-13T00:00:00.000Z,0,4.005411190317116E-5
2022-06-12T00:00:00.000Z,0,2.2652412280876887E-5
2022-06-14T00:00:00.000Z,0,
2022-07-14T00:00:00.000Z,0,4.165061035463522E-5
2022-07-12T00:00:00.000Z,0,2.8745083692110317E-5
2022-07-15T00:00:00.000Z,0,2.471750557010693E-5
2022-07-13T00:00:00.000Z,0,2.4778569656925183E-5
2022-07-11T00:00:00.000Z,0,1.6575262634432875E-5
2022-07-16T00:00:00.000Z,0,2.657826707801423E-5
2022-07-18T00:00:00.000Z,0,2.4882955420823646E-5
2022-07-17T00:00:00.000Z,0,
2022-09-20T00:00:00.000Z,0,2.006067885910549E-5
2022-09-13T00:00:00.000Z,0,3.31000255820462E-5
2022-09-15T00:00:00.000Z,0,3.4408609519687164E-5
2022-09-14T00:00:00.000Z,0,3.259148765303111E-5
2022-09-18T00:00:00.000Z,0,2.5543210023486262E-5
2022-09-19T00:00:00.000Z,0,3.441778083819027E-5
2022-09-17T00:00:00.000Z,0,3.4206963408593507E-5
2022-09-16T00:00:00.000Z,0,3.493215643204882E-5
2022-12-16T00:00:00.000Z,0,1.6197955346797244E-5
2022-12-12T00:00:00.000Z,0,2.133821668167002E-5
2022-12-15T00:00:00.000Z,0,2.69633159512202E-5
2022-12-17T00:00:00.000Z,0,1.0027519750479584E-5
2022-12-13T00:00:00.000Z,0,2.9175511512081495E-5
2022-12-14T00:00:00.000Z,0,2.4663903403913872E-5
2022-12-11T00:00:00.000Z,0,1.8152238704014378E-5
2022-12-10T00:00:00.000Z,0,1.7991545096124475E-5
2024-08-15T00:00:00.000Z,0,3.203645806926597E-5
2024-08-13T00:00:00.000Z,0,3.0348205124055797E-5
2024-08-12T00:00:00.000Z,0,3.296488080195559E-5
2024-08-10T00:00:00.000Z,0,2.6752098501549894E-5
2024-08-16T00:00:00.000Z,0,2.6003719579796937E-5
2024-08-11T00:00:00.000Z,0,2.4578317973578123E-5
2024-08-09T00:00:00.000Z,0,2.732278977718228E-5
2024-08-14T00:00:00.000Z,0,3.070026563709291E-5
2024-09-27T00:00:00.000Z,0,4.892614299370464E-5
2024-09-29T00:00:00.000Z,0,5.402228532802199E-5
2024-10-02T00:00:00.000Z,0,3.9399441651479914E-5
2024-09-26T00:00:00.000Z,0,4.9663307563182464E-5
2024-09-28T00:00:00.000Z,0,4.0567015562436146E-5
2024-10-03T00:00:00.000Z,0,4.262875609128969E-5
2024-09-30T00:00:00.000Z,0,3.631070001858178E-5
2024-10-01T00:00:00.000Z,0,3.509351487469125E-5
2024-10-21T00:00:00.000Z,0,
2024-10-20T00:00:00.000Z,0,
2024-10-23T00:00:00.000Z,0,2.2466876562370298E-5
2024-10-25T00:00:00.000Z,0,3.179063687932813E-5
2024-10-26T00:00:00.000Z,0,2.748904069948929E-5
2024-10-24T00:00:00.000Z,0,2.8303023732516478E-5
2024-10-27T00:00:00.000Z,0,2.454690900700977E-5
2024-10-22T00:00:00.000Z,0,2.1689550249770673E-5
2024-11-18T00:00:00.000Z,0,2.8031961911827758E-5
2024-11-19T00:00:00.000Z,0,3.1314532103957994E-5
2024-11-16T00:00:00.000Z,0,
2024-11-14T00:00:00.000Z,0,1.959550401807064E-5
2024-11-20T00:00:00.000Z,0,2.8045276849297807E-5
2024-11-15T00:00:00.000Z,0,4.145358737635737E-5
2024-11-13T00:00:00.000Z,0,2.909113150532281E-5
2024-11-17T00:00:00.000Z,0,2.000973736651377E-5
2024-12-12T00:00:00.000Z,0,
2024-12-09T00:00:00.000Z,0,
2024-12-13T00:00:00.000Z,0,3.264933366153855E-5
2024-12-08T00:00:00.000Z,0,
2024-12-14T00:00:00.000Z,0,
2024-12-10T00:00:00.000Z,0,
2024-12-07T00:00:00.000Z,0,
2024-12-11T00:00:00.000Z,0,2.5557203101589904E-5
2025-01-04T00:00:00.000Z,0,9.645842723053331E-6
2025-01-02T00:00:00.000Z,0,1.2324630006332882E-5
2025-01-06T00:00:00.000Z,0,3.765611199924024E-5
2025-01-01T00:00:00.000Z,0,
2025-01-03T00:00:00.000Z,0,2.7104438357547713E-5
2025-01-07T00:00:00.000Z,0,2.2100756092159055E-5
2024-12-31T00:00:00.000Z,0,1.8274893611878096E-5
2025-01-05T00:00:00.000Z,0,1.1659552286812047E-5
2025-01-17T00:00:00.000Z,0,1.4059992609386533E-5
2025-01-21T00:00:00.000Z,0,2.6304978616410934E-5
2025-01-18T00:00:00.000Z,0,2.7136949381289718E-5
2025-01-23T00:00:00.000Z,0,
2025-01-22T00:00:00.000Z,0,
2025-01-20T00:00:00.000Z,0,
2025-01-19T00:00:00.000Z,0,2.7600277058405078E-5
2025-01-16T00:00:00.000Z,0,2.1891031337872846E-5
2025-02-26T00:00:00.000Z,0,
2025-03-02T00:00:00.000Z,0,1.3081623808083794E-5
2025-03-04T00:00:00.000Z,0,2.9557282687164843E-5
2025-02-25T00:00:00.000Z,0,1.237278064566046E-5
2025-03-03T00:00:00.000Z,0,3.1561039371984905E-5
2025-02-27T00:00:00.000Z,0,2.9601687915161284E-5
2025-02-28T00:00:00.000Z,0,2.9604246192898174E-5
2025-03-01T00:00:00.000Z,0,1.3672641937446485E-5
2022-08-16T00:00:00.000Z,0,2.8465737133802565E-5
2022-08-18T00:00:00.000Z,0,4.0522248852631904E-5
2022-08-15T00:00:00.000Z,0,2.594071506276998E-5
2022-08-17T00:00:00.000Z,0,2.4337528875475394E-5
2022-08-14T00:00:00.000Z,0,4.4266230443926446E-5
2022-08-12T00:00:00.000Z,0,2.8752445725489373E-5
2022-08-13T00:00:00.000Z,0,5.1352537411730736E-5
2022-08-19T00:00:00.000Z,0,3.2844053831385366E-5
2023-06-20T00:00:00.000Z,0,3.232997802787513E-5
2023-06-22T00:00:00.000Z,0,3.3371595229425566E-5
2023-06-27T00:00:00.000Z,0,2.4630939621173572E-5
2023-06-24T00:00:00.000Z,0,4.025947134470846E-5
2023-06-26T00:00:00.000Z,0,3.1265121684444117E-5
2023-06-21T00:00:00.000Z,0,2.6425327854180116E-5
2023-06-25T00:00:00.000Z,0,3.1105731994731825E-5
2023-06-23T00:00:00.000Z,0,3.358268161239828E-5
2023-09-22T00:00:00.000Z,0,2.7933611621220225E-5
2023-09-23T00:00:00.000Z,0,3.6503772147465066E-5
2023-09-18T00:00:00.000Z,0,2.453296457156448E-5
2023-09-17T00:00:00.000Z,0,2.628151754165907E-5
2023-09-21T00:00:00.000Z,0,2.156687238532663E-5
2023-09-20T00:00:00.000Z,0,2.4905235205830645E-5
2023-09-19T00:00:00.000Z,0,2.9279618955198752E-5
2023-09-16T00:00:00.000Z,0,2.6223493525070935E-5
2023-10-15T00:00:00.000Z,0,2.2222717370465306E-5
2023-10-13T00:00:00.000Z,0,3.732215072748634E-5
2023-10-17T00:00:00.000Z,0,4.076203058086307E-5
2023-10-10T00:00:00.000Z,0,3.386068966565723E-5
2023-10-12T00:00:00.000Z,0,3.855091882167685E-5
2023-10-14T00:00:00.000Z,0,3.2867216506071645E-5
2023-10-11T00:00:00.000Z,0,3.2255413642956166E-5
2023-10-16T00:00:00.000Z,0,4.4639340189319766E-5
2024-01-01T00:00:00.000Z,0,
2024-01-02T00:00:00.000Z,0,4.508484085337566E-5
2023-12-31T00:00:00.000Z,0,2.3783323413795188E-5
2023-12-29T00:00:00.000Z,0,3.219082446016991E-5
2024-01-03T00:00:00.000Z,0,
2024-01-04T00:00:00.000Z,0,2.5538918658927095E-5
2023-12-30T00:00:00.000Z,0,2.88300063308772E-5
2024-01-05T00:00:00.000Z,0,2.832381623437225E-5
2024-04-12T00:00:00.000Z,0,1.8371827839776717E-5
2024-04-16T00:00:00.000Z,0,1.727948647180966E-5
2024-04-13T00:00:00.000Z,0,2.557118619062702E-5
2024-04-11T00:00:00.000Z,0,4.852534766541794E-5
2024-04-15T00:00:00.000Z,0,2.0333540202972683E-5
2024-04-17T00:00:00.000Z,0,
2024-04-14T00:00:00.000Z,0,2.1115765452481283E-5
2024-04-18T00:00:00.000Z,0,1.669076384275161E-5
2024-05-04T00:00:00.000Z,0,1.7037693438940217E-5
2024-04-29T00:00:00.000Z,0,2.718746456837872E-5
2024-04-27T00:00:00.000Z,0,2.758396548731822E-5
2024-04-30T00:00:00.000Z,0,2.233327994758838E-5
2024-05-01T00:00:00.000Z,0,3.154677753108055E-5
2024-04-28T00:00:00.000Z,0,3.6815946366593434E-5
2024-05-02T00:00:00.000Z,0,2.4293974451156277E-5
2024-05-03T00:00:00.000Z,0,2.3688424404326726E-5
2023-02-13T00:00:00.000Z,0,1.5129367312738395E-5
2023-02-19T00:00:00.000Z,0,1.5113288037694064E-5
2023-02-12T00:00:00.000Z,0,3.15165749558027E-5
2023-02-15T00:00:00.000Z,0,
2023-02-18T00:00:00.000Z,0,1.0132739065385169E-5
2023-02-17T00:00:00.000Z,0,
2023-02-14T00:00:00.000Z,0,2.6128159983532635E-5
2023-02-16T00:00:00.000Z,0,
2023-10-04T00:00:00.000Z,0,3.833083377985437E-5
2023-10-09T00:00:00.000Z,0,3.5922293068324504E-5
2023-10-02T00:00:00.000Z,0,2.539103936438636E-5
2023-10-06T00:00:00.000Z,0,3.182122892245921E-5
2023-10-07T00:00:00.000Z,0,2.4337566505352497E-5
2023-10-05T00:00:00.000Z,0,3.4263399919981456E-5
2023-10-03T00:00:00.000Z,0,3.1752811515789724E-5
2023-10-08T00:00:00.000Z,0,2.7616334169463498E-5
2024-09-03T00:00:00.000Z,0,3.746742908492486E-5
2024-09-05T00:00:00.000Z,0,3.322680420142958E-5
2024-09-02T00:00:00.000Z,0,2.2813883225971394E-5
2024-09-06T00:00:00.000Z,0,3.1181292790337004E-5
2024-09-04T00:00:00.000Z,0,2.466241882178689E-5
2024-09-08T00:00:00.000Z,0,
2024-09-07T00:00:00.000Z,0,3.596980591325272E-5
2024-09-09T00:00:00.000Z,0,3.178469363650617E-5
2024-11-06T00:00:00.000Z,0,4.358084075395955E-5
2024-11-09T00:00:00.000Z,0,1.9066821778324083E-5
2024-11-05T00:00:00.000Z,0,2.7737577025535838E-5
2024-11-10T00:00:00.000Z,0,
2024-11-07T00:00:00.000Z,0,3.971601190069194E-5
2024-11-12T00:00:00.000Z,0,4.647415438999555E-5
2024-11-11T00:00:00.000Z,0,
2024-11-08T00:00:00.000Z,0,3.093996038690724E-5
2024-12-06T00:00:00.000Z,0,
2024-12-05T00:00:00.000Z,0,1.9859955087171826E-5
2024-11-29T00:00:00.000Z,0,
2024-12-04T00:00:00.000Z,0,
2024-11-30T00:00:00.000Z,0,1.3906420463172253E-5
2024-12-01T00:00:00.000Z,0,
2024-12-03T00:00:00.000Z,0,2.05063014235321E-5
2024-12-02T00:00:00.000Z,0,
2025-01-13T00:00:00.000Z,0,
2025-01-08T00:00:00.000Z,0,
2025-01-10T00:00:00.000Z,0,
2025-01-09T00:00:00.000Z,0,2.5305117204068762E-5
2025-01-15T00:00:00.000Z,0,
2025-01-11T00:00:00.000Z,0,2.1562350713490257E-5
2025-01-14T00:00:00.000Z,0,3.492274941681199E-5
2025-01-12T00:00:00.000Z,0,
2022-11-03T00:00:00.000Z,0,2.8984524357209887E-5
2022-11-01T00:00:00.000Z,0,4.016772763861809E-5
2022-10-31T00:00:00.000Z,0,2.6311625672983E-5
2022-11-02T00:00:00.000Z,0,2.4558161364369042E-5
2022-11-05T00:00:00.000Z,0,
2022-11-07T00:00:00.000Z,0,
2022-11-04T00:00:00.000Z,0,1.9461994785530123E-5
2022-11-06T00:00:00.000Z,0,
2022-12-27T00:00:00.000Z,0,
2023-01-01T00:00:00.000Z,0,1.3322358694267677E-5
2022-12-28T00:00:00.000Z,0,1.2145831468452733E-5
2022-12-29T00:00:00.000Z,0,
2022-12-30T00:00:00.000Z,0,
2022-12-31T00:00:00.000Z,0,
2022-12-26T00:00:00.000Z,0,
2023-01-02T00:00:00.000Z,0,
2025-01-29T00:00:00.000Z,0,
2025-01-24T00:00:00.000Z,0,2.167615730286343E-5
2025-01-25T00:00:00.000Z,0,2.290905380954775E-5
2025-01-30T00:00:00.000Z,0,
2025-01-26T00:00:00.000Z,0,2.2554599490831605E-5
2025-01-27T00:00:00.000Z,0,
2025-01-28T00:00:00.000Z,0,
2025-01-31T00:00:00.000Z,0,
2025-02-17T00:00:00.000Z,0,
2025-02-20T00:00:00.000Z,0,2.277305460059627E-5
2025-02-21T00:00:00.000Z,0,
2025-02-24T00:00:00.000Z,0,
2025-02-22T00:00:00.000Z,0,1.5124600914922276E-5
2025-02-18T00:00:00.000Z,0,1.8213570045853714E-5
2025-02-19T00:00:00.000Z,0,2.378082576177059E-5
2025-02-23T00:00:00.000Z,0,1.2216080904181581E-5
2025-03-08T00:00:00.000Z,0,
2025-03-12T00:00:00.000Z,0,1.5374176307363307E-5
2025-03-05T00:00:00.000Z,0,2.696706182770106E-5
2025-03-11T00:00:00.000Z,0,2.45608101235312E-5
2025-03-06T00:00:00.000Z,0,1.927669073337072E-5
2025-03-07T00:00:00.000Z,0,
2025-03-10T00:00:00.000Z,0,3.0388639061129652E-5
2025-03-09T00:00:00.000Z,0,2.2503303003567882E-5
2023-02-28T00:00:00.000Z,0,
2023-03-05T00:00:00.000Z,0,2.129190913881364E-5
2023-03-04T00:00:00.000Z,0,1.4212249551194742E-5
2023-03-06T00:00:00.000Z,0,1.5800224840188742E-5
2023-03-01T00:00:00.000Z,0,1.884707958129523E-5
2023-03-07T00:00:00.000Z,0,1.987376642736323E-5
2023-03-03T00:00:00.000Z,0,1.3298505334320394E-5
2023-03-02T00:00:00.000Z,0,
2023-04-06T00:00:00.000Z,0,2.5756613417292505E-5
2023-04-04T00:00:00.000Z,0,3.2887573048001065E-5
2023-04-08T00:00:00.000Z,0,1.763645372800813E-5
2023-04-02T00:00:00.000Z,0,
2023-04-03T00:00:00.000Z,0,1.969715024995E-5
2023-04-07T00:00:00.000Z,0,1.1695270586642437E-5
2023-04-01T00:00:00.000Z,0,1.9182206718445134E-5
2023-04-05T00:00:00.000Z,0,2.7188699732505484E-5
2023-04-19T00:00:00.000Z,0,1.9442540903469308E-5
2023-04-17T00:00:00.000Z,0,3.699528186938123E-5
2023-04-20T00:00:00.000Z,0,1.9038574350815907E-5
2023-04-22T00:00:00.000Z,0,2.20654866624452E-5
2023-04-23T00:00:00.000Z,0,2.4833393216982905E-5
2023-04-24T00:00:00.000Z,0,2.3943225043790573E-5
2023-04-18T00:00:00.000Z,0,2.166030266784623E-5
2023-04-21T00:00:00.000Z,0,2.4383365169616706E-5
2022-06-23T00:00:00.000Z,0,2.329519399994972E-5
2022-06-17T00:00:00.000Z,0,2.6975577886408548E-5
2022-06-19T00:00:00.000Z,0,3.126818727261187E-5
2022-06-20T00:00:00.000Z,0,2.7908298112119416E-5
2022-06-24T00:00:00.000Z,0,1.9959652077667605E-5
2022-06-18T00:00:00.000Z,0,2.5661225297973275E-5
2022-06-22T00:00:00.000Z,0,3.0963159047408254E-5
2022-06-21T00:00:00.000Z,0,3.084738010210972E-5
2022-07-24T00:00:00.000Z,0,2.3917226195957277E-5
2022-07-22T00:00:00.000Z,0,2.271805936158801E-5
2022-07-26T00:00:00.000Z,0,3.4243051693047016E-5
2022-07-21T00:00:00.000Z,0,3.2918468921799345E-5
2022-07-23T00:00:00.000Z,0,3.2175674358600905E-5
2022-07-25T00:00:00.000Z,0,2.9009962051948268E-5
2022-07-19T00:00:00.000Z,0,2.9178953897621063E-5
2022-07-20T00:00:00.000Z,0,3.1243980567171384E-5
2022-08-25T00:00:00.000Z,0,3.1952563287016825E-5
2022-08-27T00:00:00.000Z,0,3.5712552309745566E-5
2022-08-23T00:00:00.000Z,0,2.6766512415964495E-5
2022-08-22T00:00:00.000Z,0,3.5187284562485534E-5
2022-08-26T00:00:00.000Z,0,2.108890700211222E-5
2022-08-20T00:00:00.000Z,0,3.432840841035365E-5
2022-08-24T00:00:00.000Z,0,3.6394993280520704E-5
2022-08-21T00:00:00.000Z,0,2.6589003897033062E-5
2022-09-26T00:00:00.000Z,0,2.7673011878074537E-5
2022-09-27T00:00:00.000Z,0,2.7695774645975246E-5
2022-09-21T00:00:00.000Z,0,
2022-09-23T00:00:00.000Z,0,2.637798579479223E-5
2022-09-25T00:00:00.000Z,0,2.6092550062737875E-5
2022-09-22T00:00:00.000Z,0,2.3278478593429972E-5
2022-09-24T00:00:00.000Z,0,2.9847044970665593E-5
2022-09-28T00:00:00.000Z,0,2.6721933144859035E-5
2022-10-28T00:00:00.000Z,0,1.986624983836068E-5
2022-10-29T00:00:00.000Z,0,2.3421052600022687E-5
2022-10-30T00:00:00.000Z,0,1.8400973881849035E-5
2022-10-25T00:00:00.000Z,0,1.8727181965358694E-5
2022-10-27T00:00:00.000Z,0,1.3053153907094384E-5
2022-10-23T00:00:00.000Z,0,2.371131686881459E-5
2022-10-26T00:00:00.000Z,0,
2022-10-24T00:00:00.000Z,0,1.594768467666221E-5
2022-12-05T00:00:00.000Z,0,2.554196908022277E-5
2022-12-07T00:00:00.000Z,0,2.202841169491876E-5
2022-12-08T00:00:00.000Z,0,3.141894085572739E-5
2022-12-03T00:00:00.000Z,0,2.22769146973776E-5
2022-12-06T00:00:00.000Z,0,2.4444002372609415E-5
2022-12-04T00:00:00.000Z,0,
2022-12-09T00:00:00.000Z,0,1.6757986389991458E-5
2022-12-02T00:00:00.000Z,0,1.9017246229071005E-5
2023-01-11T00:00:00.000Z,0,1.103580161523123E-5
2023-01-12T00:00:00.000Z,0,1.4460440528134032E-5
2023-01-14T00:00:00.000Z,0,2.3363279964381518E-5
2023-01-15T00:00:00.000Z,0,2.010215644077107E-5
2023-01-17T00:00:00.000Z,0,2.7819740353152156E-5
2023-01-18T00:00:00.000Z,0,1.7607214457572038E-5
2023-01-16T00:00:00.000Z,0,2.5208545468621165E-5
2023-01-13T00:00:00.000Z,0,1.709639087136218E-5
2025-04-02T00:00:00.000Z,0,1.3297541755719067E-5
2025-03-30T00:00:00.000Z,0,
2025-04-05T00:00:00.000Z,0,2.3087982472567265E-5
2025-03-29T00:00:00.000Z,0,
2025-04-04T00:00:00.000Z,0,1.6741439786242594E-5
2025-03-31T00:00:00.000Z,0,1.4423467216778282E-5
2025-04-01T00:00:00.000Z,0,2.1437219384796874E-5
2025-04-03T00:00:00.000Z,0,1.7072016513945226E-5
2024-09-11T00:00:00.000Z,0,3.6774096875328374E-5
2024-09-15T00:00:00.000Z,0,3.381256921386466E-5
2024-09-12T00:00:00.000Z,0,3.516471446046009E-5
2024-09-13T00:00:00.000Z,0,4.2458783276545985E-5
2024-09-10T00:00:00.000Z,0,2.7591456444042706E-5
2024-09-17T00:00:00.000Z,0,2.8336347906009575E-5
2024-09-14T00:00:00.000Z,0,3.193234591003793E-5
2024-09-16T00:00:00.000Z,0,3.26029776784289E-5
2025-04-23T00:00:00.000Z,0,1.9321405783852538E-5
2025-04-25T00:00:00.000Z,0,
2025-04-27T00:00:00.000Z,0,2.0194815830802095E-5
2025-04-24T00:00:00.000Z,0,2.0919835650330513E-5
2025-04-28T00:00:00.000Z,0,2.365078506428338E-5
2025-04-29T00:00:00.000Z,0,2.1842597609425147E-5
2025-04-22T00:00:00.000Z,0,1.6687472870339312E-5
2025-04-26T00:00:00.000Z,0,2.5814407864446468E-5
2025-05-29T00:00:00.000Z,0,1.989636501775749E-5
2025-05-24T00:00:00.000Z,0,2.6787821880902876E-5
2025-05-28T00:00:00.000Z,0,1.1000911645927166E-5
2025-05-27T00:00:00.000Z,0,
2025-05-25T00:00:00.000Z,0,1.400205413580756E-5
2025-05-30T00:00:00.000Z,0,2.4906145458519153E-5
2025-05-26T00:00:00.000Z,0,
2022-05-30T00:00:00.000Z,0,1.92777326620195E-5
2022-05-29T00:00:00.000Z,0,1.816092040807581E-5
2022-05-31T00:00:00.000Z,0,2.4372702094913972E-5
2022-05-27T00:00:00.000Z,0,2.013498346852243E-5
2022-05-25T00:00:00.000Z,0,1.8784693314668594E-5
2022-05-26T00:00:00.000Z,0,
2022-05-24T00:00:00.000Z,0,1.606133522336302E-5
2022-05-28T00:00:00.000Z,0,2.4576014836314313E-5
2022-08-01T00:00:00.000Z,0,3.293043979152893E-5
2022-08-02T00:00:00.000Z,0,
2022-07-28T00:00:00.000Z,0,3.385538926799516E-5
2022-07-29T00:00:00.000Z,0,3.64376108639893E-5
2022-07-30T00:00:00.000Z,0,2.431012417150863E-5
2022-07-27T00:00:00.000Z,0,2.5650839165102685E-5
2022-08-03T00:00:00.000Z,0,3.790955667103514E-5
2022-07-31T00:00:00.000Z,0,3.2330383858521585E-5
2022-08-31T00:00:00.000Z,0,3.519991647379122E-5
2022-08-30T00:00:00.000Z,0,2.4591127813496144E-5
2022-09-03T00:00:00.000Z,0,3.0032655558898114E-5
2022-08-29T00:00:00.000Z,0,3.2215379784853816E-5
2022-09-02T00:00:00.000Z,0,3.110717616901592E-5
2022-09-04T00:00:00.000Z,0,2.5397952481398533E-5
2022-08-28T00:00:00.000Z,0,3.4623702958924696E-5
2022-09-01T00:00:00.000Z,0,2.9500611637911843E-5
2023-11-28T00:00:00.000Z,0,3.744713217201934E-5
2023-12-03T00:00:00.000Z,0,2.3008121285872015E-5
2023-12-01T00:00:00.000Z,0,6.653949385508895E-5
2023-12-02T00:00:00.000Z,0,1.812173104553949E-5
2023-11-30T00:00:00.000Z,0,2.793673788151604E-5
2023-11-29T00:00:00.000Z,0,2.5486525958383156E-5
2023-12-04T00:00:00.000Z,0,2.508491364578196E-5
2023-11-27T00:00:00.000Z,0,4.5962466001150284E-5
2023-12-28T00:00:00.000Z,0,2.378094611224438E-5
2023-12-22T00:00:00.000Z,0,2.665219819846243E-5
2023-12-25T00:00:00.000Z,0,3.695430283793636E-5
2023-12-21T00:00:00.000Z,0,2.2274634035643192E-5
2023-12-27T00:00:00.000Z,0,3.635209159256192E-5
2023-12-23T00:00:00.000Z,0,2.337555859725414E-5
2023-12-26T00:00:00.000Z,0,2.841492289883684E-5
2023-12-24T00:00:00.000Z,0,2.4473077156715696E-5
2023-06-19T00:00:00.000Z,0,3.758691501097575E-5
2023-06-14T00:00:00.000Z,0,2.5005667942135753E-5
2023-06-18T00:00:00.000Z,0,3.509981284282574E-5
2023-06-17T00:00:00.000Z,0,3.955162216016106E-5
2023-06-16T00:00:00.000Z,0,2.9492151505704756E-5
2023-06-15T00:00:00.000Z,0,3.681420721969098E-5
2023-06-13T00:00:00.000Z,0,2.8628716066236848E-5
2023-06-12T00:00:00.000Z,0,3.447738177783321E-5
2023-07-03T00:00:00.000Z,0,2.0004611268857953E-5
2023-07-05T00:00:00.000Z,0,2.630894195963183E-5
2023-07-02T00:00:00.000Z,0,2.9074787958746936E-5
2023-07-01T00:00:00.000Z,0,2.898932763647129E-5
2023-07-04T00:00:00.000Z,0,2.5485514323654278E-5
2023-06-30T00:00:00.000Z,0,2.2337490294421138E-5
2023-06-28T00:00:00.000Z,0,2.0433317880700304E-5
2023-06-29T00:00:00.000Z,0,2.4082543889271383E-5
2023-07-17T00:00:00.000Z,0,3.155429304622605E-5
2023-07-18T00:00:00.000Z,0,3.8703847857344525E-5
2023-07-21T00:00:00.000Z,0,2.6542184804788525E-5
2023-07-15T00:00:00.000Z,0,3.6623175899351445E-5
2023-07-14T00:00:00.000Z,0,1.1913433797060082E-5
2023-07-19T00:00:00.000Z,0,2.55483507708555E-5
2023-07-20T00:00:00.000Z,0,2.9563543218930614E-5
2023-07-16T00:00:00.000Z,0,2.5241762618132053E-5
2023-10-25T00:00:00.000Z,0,4.390975494100965E-5
2023-10-23T00:00:00.000Z,0,3.919889442496807E-5
2023-10-24T00:00:00.000Z,0,3.9426556699236776E-5
2023-10-22T00:00:00.000Z,0,3.525541577678494E-5
2023-10-21T00:00:00.000Z,0,3.5738693719805825E-5
2023-10-19T00:00:00.000Z,0,3.665117854931547E-5
2023-10-20T00:00:00.000Z,0,4.018793391926272E-5
2023-10-18T00:00:00.000Z,0,4.7857688645978525E-5
2023-11-03T00:00:00.000Z,0,3.773651304072701E-5
2023-11-05T00:00:00.000Z,0,4.849961910525614E-5
2023-11-09T00:00:00.000Z,0,3.0101056305890477E-5
2023-11-10T00:00:00.000Z,0,3.888950784967885E-5
2023-11-08T00:00:00.000Z,0,4.64872800180882E-5
2023-11-07T00:00:00.000Z,0,3.638365275740443E-5
2023-11-04T00:00:00.000Z,0,3.464137587018611E-5
2023-11-06T00:00:00.000Z,0,4.2045708625181335E-5
2022-05-07T00:00:00.000Z,0,2.286058094114196E-5
2022-05-01T00:00:00.000Z,0,2.1781371684493845E-5
2022-05-05T00:00:00.000Z,0,1.4632491771798024E-5
2022-05-03T00:00:00.000Z,0,2.6513661093000945E-5
2022-04-30T00:00:00.000Z,0,
2022-05-02T00:00:00.000Z,0,2.2315904403787574E-5
2022-05-06T00:00:00.000Z,0,2.059050500768933E-5
2022-05-04T00:00:00.000Z,0,3.2125647558132186E-5
2022-06-02T00:00:00.000Z,0,2.2484367147261436E-5
2022-06-07T00:00:00.000Z,0,2.3393922713588117E-5
2022-06-03T00:00:00.000Z,0,1.703293584073271E-5
2022-06-08T00:00:00.000Z,0,1.815012067349168E-5
2022-06-04T00:00:00.000Z,0,2.594595114467004E-5
2022-06-01T00:00:00.000Z,0,2.56478522260295E-5
2022-06-05T00:00:00.000Z,0,1.7726956381617736E-5
2022-06-06T00:00:00.000Z,0,2.7981048193536342E-5
2022-08-10T00:00:00.000Z,0,2.853922773133259E-5
2022-08-05T00:00:00.000Z,0,3.2521502785489684E-5
2022-08-08T00:00:00.000Z,0,2.3092227523620192E-5
2022-08-06T00:00:00.000Z,0,2.8400517769120634E-5
2022-08-11T00:00:00.000Z,0,3.911862888737626E-5
2022-08-04T00:00:00.000Z,0,3.1381596949303814E-5
2022-08-09T00:00:00.000Z,0,2.6297034125099006E-5
2022-08-07T00:00:00.000Z,0,3.691264934483721E-5
2022-09-11T00:00:00.000Z,0,2.5441045545449013E-5
2022-09-12T00:00:00.000Z,0,3.160608198658757E-5
2022-09-07T00:00:00.000Z,0,3.1316268984294267E-5
2022-09-08T00:00:00.000Z,0,
2022-09-05T00:00:00.000Z,0,2.9611518885020524E-5
2022-09-10T00:00:00.000Z,0,4.895097170750281E-5
2022-09-06T00:00:00.000Z,0,2.8217689115207796E-5
2022-09-09T00:00:00.000Z,0,
2022-10-21T00:00:00.000Z,0,
2022-10-16T00:00:00.000Z,0,2.6021619793560025E-5
2022-10-20T00:00:00.000Z,0,2.897145077440655E-5
2022-10-19T00:00:00.000Z,0,
2022-10-18T00:00:00.000Z,0,2.617072595967329E-5
2022-10-22T00:00:00.000Z,0,2.668305641144873E-5
2022-10-17T00:00:00.000Z,0,
2022-10-15T00:00:00.000Z,0,
2022-12-25T00:00:00.000Z,0,
2022-12-19T00:00:00.000Z,0,
2022-12-22T00:00:00.000Z,0,
2022-12-20T00:00:00.000Z,0,2.268642995773007E-5
2022-12-18T00:00:00.000Z,0,1.5255770770582945E-5
2022-12-24T00:00:00.000Z,0,
2022-12-23T00:00:00.000Z,0,
2022-12-21T00:00:00.000Z,0,1.7926244989824655E-5
2024-07-11T00:00:00.000Z,0,3.3523197121292214E-5
2024-07-12T00:00:00.000Z,0,2.6520170430106555E-5
2024-07-08T00:00:00.000Z,0,2.6041629891365003E-5
2024-07-13T00:00:00.000Z,0,2.9139135719021565E-5
2024-07-09T00:00:00.000Z,0,3.862192529496052E-5
2024-07-10T00:00:00.000Z,0,3.119661170875375E-5
2024-07-14T00:00:00.000Z,0,2.9574425156429893E-5
2024-07-15T00:00:00.000Z,0,2.805279243050477E-5
2024-07-25T00:00:00.000Z,0,3.468251995491003E-5
2024-07-27T00:00:00.000Z,0,2.924870873357577E-5
2024-07-30T00:00:00.000Z,0,2.406195082936723E-5
2024-07-24T00:00:00.000Z,0,2.5761775680271733E-5
2024-07-26T00:00:00.000Z,0,2.6048287554736467E-5
2024-07-31T00:00:00.000Z,0,1.968137787437573E-5
2024-07-29T00:00:00.000Z,0,2.9140255198780645E-5
2024-07-28T00:00:00.000Z,0,2.1398567913793694E-5
2024-08-20T00:00:00.000Z,0,3.846013281160514E-5
2024-08-22T00:00:00.000Z,0,4.32155683842156E-5
2024-08-24T00:00:00.000Z,0,2.2289336347967036E-5
2024-08-18T00:00:00.000Z,0,3.146896440259777E-5
2024-08-21T00:00:00.000Z,0,2.831982275988833E-5
2024-08-23T00:00:00.000Z,0,2.976245397063795E-5
2024-08-17T00:00:00.000Z,0,3.1370201696052214E-5
2024-08-19T00:00:00.000Z,0,3.446020896804621E-5
2024-01-11T00:00:00.000Z,0,2.533592639035002E-5
2024-01-12T00:00:00.000Z,0,1.9023490781674727E-5
2024-01-06T00:00:00.000Z,0,
2024-01-09T00:00:00.000Z,0,2.664957376991344E-5
2024-01-10T00:00:00.000Z,0,3.3363416828945186E-5
2024-01-08T00:00:00.000Z,0,3.3435657769587124E-5
2024-01-07T00:00:00.000Z,0,
2024-01-13T00:00:00.000Z,0,1.6204608219941835E-5
2023-12-17T00:00:00.000Z,0,2.2945942314743977E-5
2023-12-19T00:00:00.000Z,0,1.998859765978433E-5
2023-12-15T00:00:00.000Z,0,2.7898281946956718E-5
2023-12-16T00:00:00.000Z,0,2.8922410255969986E-5
2023-12-14T00:00:00.000Z,0,2.8584827517382413E-5
2023-12-20T00:00:00.000Z,0,2.038985900099489E-5
2023-12-18T00:00:00.000Z,0,2.215030868722502E-5
2023-12-13T00:00:00.000Z,0,3.711423381337483E-5
2024-01-31T00:00:00.000Z,0,1.3967818438361105E-5
2024-02-02T00:00:00.000Z,0,
2024-02-05T00:00:00.000Z,0,1.553429588686929E-5
2024-02-01T00:00:00.000Z,0,2.3001244456584877E-5
2024-02-03T00:00:00.000Z,0,4.320501830079593E-5
2024-02-04T00:00:00.000Z,0,2.4798465935815235E-5
2024-02-06T00:00:00.000Z,0,2.4482800617246243E-5
2024-01-30T00:00:00.000Z,0,
2024-03-15T00:00:00.000Z,0,2.2107104362503655E-5
2024-03-14T00:00:00.000Z,0,
2024-03-13T00:00:00.000Z,0,
2024-03-17T00:00:00.000Z,0,
2024-03-12T00:00:00.000Z,0,-8.52167386256042E-6
2024-03-10T00:00:00.000Z,0,-2.3070673705660737E-6
2024-03-16T00:00:00.000Z,0,1.562209135547061E-5
2024-03-11T00:00:00.000Z,0,
2025-04-06T00:00:00.000Z,0,2.308337678057017E-5
2025-04-11T00:00:00.000Z,0,
2025-04-13T00:00:00.000Z,0,2.6054699048927432E-5
2025-04-10T00:00:00.000Z,0,5.661232062266208E-5
2025-04-08T00:00:00.000Z,0,1.7106807659259966E-5
2025-04-12T00:00:00.000Z,0,1.9542799743338733E-5
2025-04-09T00:00:00.000Z,0,1.0975317660598773E-5
2025-04-07T00:00:00.000Z,0,1.798499454969977E-5
2023-03-15T00:00:00.000Z,0,2.389045286253338E-5
2023-03-09T00:00:00.000Z,0,2.6999534245829715E-5
2023-03-13T00:00:00.000Z,0,1.8889423849194923E-5
2023-03-08T00:00:00.000Z,0,3.553356536656338E-5
2023-03-10T00:00:00.000Z,0,2.0775741449867154E-5
2023-03-12T00:00:00.000Z,0,1.6464067805372906E-5
2023-03-11T00:00:00.000Z,0,2.0981540038243624E-5
2023-03-14T00:00:00.000Z,0,4.154536418354837E-5
2023-05-02T00:00:00.000Z,0,2.8856763644095434E-5
2023-04-29T00:00:00.000Z,0,2.4520929097586002E-5
2023-04-25T00:00:00.000Z,0,2.74658245871251E-5
2023-05-01T00:00:00.000Z,0,2.220203696459486E-5
2023-04-26T00:00:00.000Z,0,2.415072376606986E-5
2023-04-30T00:00:00.000Z,0,1.8462877181735638E-5
2023-04-28T00:00:00.000Z,0,2.6946997937591493E-5
2023-04-27T00:00:00.000Z,0,3.035619650404442E-5
2022-05-21T00:00:00.000Z,0,3.0884274305468094E-5
2022-05-22T00:00:00.000Z,0,1.949493964685471E-5
2022-05-20T00:00:00.000Z,0,
2022-05-23T00:00:00.000Z,0,2.019980228942003E-5
2022-05-19T00:00:00.000Z,0,
2022-05-17T00:00:00.000Z,0,2.2027679534630806E-5
2022-05-18T00:00:00.000Z,0,2.2850847946098472E-5
2022-05-16T00:00:00.000Z,0,2.1996194591013463E-5
2023-05-31T00:00:00.000Z,0,3.2688507777082076E-5
2023-05-28T00:00:00.000Z,0,3.235140925498276E-5
2023-05-29T00:00:00.000Z,0,3.0026924348197438E-5
2023-05-30T00:00:00.000Z,0,2.869782130395205E-5
2023-05-27T00:00:00.000Z,0,3.117738565379113E-5
2023-06-03T00:00:00.000Z,0,2.374262797123023E-5
2023-06-02T00:00:00.000Z,0,3.969470705178698E-5
2023-06-01T00:00:00.000Z,0,3.2537054353030584E-5
2022-09-29T00:00:00.000Z,0,2.839924700310803E-5
2022-10-02T00:00:00.000Z,0,3.5654831577858204E-5
2022-10-01T00:00:00.000Z,0,3.291111048990084E-5
2022-10-05T00:00:00.000Z,0,4.59972327328561E-5
2022-10-04T00:00:00.000Z,0,2.533975427573191E-5
2022-09-30T00:00:00.000Z,0,
2022-10-06T00:00:00.000Z,0,2.0208984129307544E-5
2022-10-03T00:00:00.000Z,0,2.0413453704631613E-5
2023-03-26T00:00:00.000Z,0,2.3474140626993695E-5
2023-03-29T00:00:00.000Z,0,1.6903278431953133E-5
2023-03-25T00:00:00.000Z,0,3.0129545848467387E-5
2023-03-30T00:00:00.000Z,0,4.0776034958461036E-5
2023-03-24T00:00:00.000Z,0,2.8012840630253777E-5
2023-03-28T00:00:00.000Z,0,
2023-03-27T00:00:00.000Z,0,2.087507118631038E-5
2023-03-31T00:00:00.000Z,0,2.436533395666629E-5
2023-09-09T00:00:00.000Z,0,3.938858871011829E-5
2023-09-10T00:00:00.000Z,0,2.914480183687896E-5
2023-09-14T00:00:00.000Z,0,2.350133147317408E-5
2023-09-08T00:00:00.000Z,0,2.3459597045984992E-5
2023-09-13T00:00:00.000Z,0,3.081034265691619E-5
2023-09-11T00:00:00.000Z,0,4.028892922431421E-5
2023-09-12T00:00:00.000Z,0,2.661474829045462E-5
2023-09-15T00:00:00.000Z,0,2.9424743153162412E-5
2022-11-21T00:00:00.000Z,0,
2022-11-17T00:00:00.000Z,0,1.5545985101758E-5
2022-11-23T00:00:00.000Z,0,2.963488198777971E-5
2022-11-18T00:00:00.000Z,0,
2022-11-20T00:00:00.000Z,0,3.074996766372351E-5
2022-11-22T00:00:00.000Z,0,
2022-11-16T00:00:00.000Z,0,
2022-11-19T00:00:00.000Z,0,6.272788489525283E-6
2024-04-01T00:00:00.000Z,0,
2024-04-02T00:00:00.000Z,0,1.916940817257758E-5
2024-03-28T00:00:00.000Z,0,2.281639337359758E-5
2024-03-30T00:00:00.000Z,0,1.7859327809895595E-5
2024-03-27T00:00:00.000Z,0,2.615450689559152E-5
2024-03-26T00:00:00.000Z,0,2.6522391231588295E-5
2024-03-29T00:00:00.000Z,0,1.9441508777289913E-5
2024-03-31T00:00:00.000Z,0,1.5854555880634035E-5
2024-04-22T00:00:00.000Z,0,
2024-04-24T00:00:00.000Z,0,2.5493992681098778E-5
2024-04-26T00:00:00.000Z,0,2.0379101645365457E-5
2024-04-21T00:00:00.000Z,0,
2024-04-23T00:00:00.000Z,0,
2024-04-20T00:00:00.000Z,0,1.872289838390642E-5
2024-04-25T00:00:00.000Z,0,
2024-04-19T00:00:00.000Z,0,2.5602888121688415E-5
2024-05-18T00:00:00.000Z,0,1.7393363342652546E-5
2024-05-16T00:00:00.000Z,0,2.4118923190576196E-5
2024-05-19T00:00:00.000Z,0,2.9824428905780413E-5
2024-05-17T00:00:00.000Z,0,1.654814048080182E-5
2024-05-14T00:00:00.000Z,0,2.79913470594379E-5
2024-05-13T00:00:00.000Z,0,2.8048142393326625E-5
2024-05-15T00:00:00.000Z,0,2.698926326866058E-5
2024-05-20T00:00:00.000Z,0,2.7344965492135854E-5
2024-05-29T00:00:00.000Z,0,2.385226255336463E-5
2024-05-31T00:00:00.000Z,0,2.3158682288818743E-5
2024-06-02T00:00:00.000Z,0,2.1615368019056184E-5
2024-06-03T00:00:00.000Z,0,2.1293723584810377E-5
2024-06-04T00:00:00.000Z,0,3.6961050096559355E-5
2024-06-05T00:00:00.000Z,0,2.3740252284672655E-5
2024-05-30T00:00:00.000Z,0,2.947276881665554E-5
2024-06-01T00:00:00.000Z,0,2.6368598859556084E-5
2024-06-16T00:00:00.000Z,0,1.8421037234125273E-5
2024-06-19T00:00:00.000Z,0,3.2521880000951404E-5
2024-06-15T00:00:00.000Z,0,3.479721162875648E-5
2024-06-21T00:00:00.000Z,0,2.60227627785796E-5
2024-06-17T00:00:00.000Z,0,1.5149963184574682E-5
2024-06-14T00:00:00.000Z,0,2.8437532331996147E-5
2024-06-20T00:00:00.000Z,0,3.251071584167048E-5
2024-06-18T00:00:00.000Z,0,2.868426480433042E-5
2024-11-01T00:00:00.000Z,0,
2024-10-31T00:00:00.000Z,0,2.417214208045542E-5
2024-10-29T00:00:00.000Z,0,2.6848598469984464E-5
2024-11-03T00:00:00.000Z,0,
2024-10-28T00:00:00.000Z,0,3.378069243165598E-5
2024-11-02T00:00:00.000Z,0,3.14792192986478E-5
2024-10-30T00:00:00.000Z,0,3.089385267230682E-5
2024-11-04T00:00:00.000Z,0,2.5206269211511508E-5
2024-11-22T00:00:00.000Z,0,
2024-11-23T00:00:00.000Z,0,2.887890687541289E-5
2024-11-27T00:00:00.000Z,0,1.5803103148452163E-5
2024-11-21T00:00:00.000Z,0,3.180368912580889E-5
2024-11-28T00:00:00.000Z,0,
2024-11-25T00:00:00.000Z,0,
2024-11-26T00:00:00.000Z,0,
2024-11-24T00:00:00.000Z,0,
2022-11-14T00:00:00.000Z,0,1.553738435464574E-5
2022-11-12T00:00:00.000Z,0,2.412958929198794E-5
2022-11-08T00:00:00.000Z,0,1.4384804093052133E-5
2022-11-13T00:00:00.000Z,0,3.218143996895783E-5
2022-11-11T00:00:00.000Z,0,
2022-11-09T00:00:00.000Z,0,2.4050983114420887E-5
2022-11-10T00:00:00.000Z,0,2.3984611107152887E-5
2022-11-15T00:00:00.000Z,0,
2023-02-07T00:00:00.000Z,0,1.3998924714542227E-5
2023-02-04T00:00:00.000Z,0,
2023-02-11T00:00:00.000Z,0,1.0435387745625727E-5
2023-02-06T00:00:00.000Z,0,
2023-02-08T00:00:00.000Z,0,
2023-02-09T00:00:00.000Z,0,2.7049080017604865E-5
2023-02-10T00:00:00.000Z,0,
2023-02-05T00:00:00.000Z,0,
2023-07-25T00:00:00.000Z,0,3.010422012721392E-5
2023-07-23T00:00:00.000Z,0,3.464832627106482E-5
2023-07-24T00:00:00.000Z,0,3.0282270387260724E-5
2023-07-29T00:00:00.000Z,0,2.6036070120886663E-5
2023-07-28T00:00:00.000Z,0,3.1728576181750015E-5
2023-07-22T00:00:00.000Z,0,4.0409642795577425E-5
2023-07-26T00:00:00.000Z,0,2.289581645634675E-5
2023-07-27T00:00:00.000Z,0,3.3980604739905847E-5
2023-08-07T00:00:00.000Z,0,2.427662581775773E-5
2023-08-10T00:00:00.000Z,0,3.158652258886821E-5
2023-08-13T00:00:00.000Z,0,3.237775636843399E-5
2023-08-11T00:00:00.000Z,0,2.95190197784455E-5
2023-08-12T00:00:00.000Z,0,3.232474762297797E-5
2023-08-09T00:00:00.000Z,0,3.4515234526197396E-5
2023-08-08T00:00:00.000Z,0,2.7404438254955073E-5
2023-08-14T00:00:00.000Z,0,2.7105824636326505E-5
2023-11-02T00:00:00.000Z,0,3.0652834162056104E-5
2023-11-01T00:00:00.000Z,0,3.046921843757776E-5
2023-10-28T00:00:00.000Z,0,5.764234584057704E-5
2023-10-26T00:00:00.000Z,0,3.7573658909937166E-5
2023-10-31T00:00:00.000Z,0,3.532553156287013E-5
2023-10-27T00:00:00.000Z,0,4.5496749895722713E-5
2023-10-29T00:00:00.000Z,0,4.679911833591177E-5
2023-10-30T00:00:00.000Z,0,3.812224971727255E-5
2023-11-22T00:00:00.000Z,0,2.7120957264785483E-5
2023-11-25T00:00:00.000Z,0,
2023-11-24T00:00:00.000Z,0,3.831987675268113E-5
2023-11-19T00:00:00.000Z,0,2.0587232290936863E-5
2023-11-21T00:00:00.000Z,0,3.582460213496519E-5
2023-11-23T00:00:00.000Z,0,
2023-11-20T00:00:00.000Z,0,3.3750656724145605E-5
2023-11-26T00:00:00.000Z,0,2.1204448651295544E-5
2024-01-16T00:00:00.000Z,0,1.7537033046058543E-5
2024-01-21T00:00:00.000Z,0,8.103886580523033E-6
2024-01-19T00:00:00.000Z,0,1.2185655577923171E-5
2024-01-18T00:00:00.000Z,0,1.25172815815484E-5
2024-01-14T00:00:00.000Z,0,1.752274403632695E-5
2024-01-17T00:00:00.000Z,0,
2024-01-15T00:00:00.000Z,0,1.7400359291442375E-5
2024-01-20T00:00:00.000Z,0,1.3164450531124944E-5
2023-05-26T00:00:00.000Z,0,3.097558560175121E-5
2023-05-25T00:00:00.000Z,0,2.213918098088624E-5
2023-05-24T00:00:00.000Z,0,3.024461934111234E-5
2023-05-20T00:00:00.000Z,0,2.814101277955935E-5
2023-05-21T00:00:00.000Z,0,2.7349786488111537E-5
2023-05-23T00:00:00.000Z,0,2.917881088189012E-5
2023-05-19T00:00:00.000Z,0,2.5181896639948112E-5
2023-05-22T00:00:00.000Z,0,2.7735649988850735E-5
2024-01-27T00:00:00.000Z,0,2.2560526885927636E-5
2024-01-29T00:00:00.000Z,0,
2024-01-26T00:00:00.000Z,0,1.4822988382754623E-5
2024-01-23T00:00:00.000Z,0,
2024-01-28T00:00:00.000Z,0,3.3851061743916944E-5
2024-01-22T00:00:00.000Z,0,2.2652878857632275E-5
2024-01-25T00:00:00.000Z,0,1.87661663989125E-5
2024-01-24T00:00:00.000Z,0,3.028740565755668E-5
2024-02-10T00:00:00.000Z,0,
2024-02-09T00:00:00.000Z,0,1.5172133299910382E-5
2024-02-14T00:00:00.000Z,0,3.247947982237161E-5
2024-02-07T00:00:00.000Z,0,
2024-02-11T00:00:00.000Z,0,1.6299275413105178E-5
2024-02-08T00:00:00.000Z,0,3.081340400967747E-5
2024-02-13T00:00:00.000Z,0,1.3227614312733399E-5
2024-02-12T00:00:00.000Z,0,2.0490950634708443E-5
